,Label	Tweet
0,Non_HS	RT @spardaxyz: Fadli Zon Minta Mendagri Segera Menonaktifkan Ahok Jadi Gubernur DKI https:\/\/t.co\/KH5vIRwPdO
1,Non_HS	RT @baguscondromowo: Mereka terus melukai aksi dalam rangka memenjarakan Ahok atau Ahok gagal dalam Pilkada.
2,Non_HS	Sylvi: bagaimana gurbernur melakukan kekerasan perempuan? Buktinya banyak ibu2 mau foto bareng #DebatFinalPilkadaJKT
3,"Non_HS	""Ahmad Dhani Tak Puas Debat Pilkada, Masalah Jalan di Bekasi Belum Sempat Terungkap https:\/\/t.co\/m3HopPLUID\u2026"""
4,Non_HS	RT @lisdaulay28: Waspada KTP palsu.....kawal PILKADA https:\/\/t.co\/OOoERQV4SM
5,"Non_HS	""@felixsiauw masih bnyak hal agamis yg bisa dibahas, kenapa ke pilkada terus, apa tingkat keimanan anda cuma sebatas pilkada????"""
6,Non_HS	@saidaqil apa maksud pernyataan. Anda? Apa anda mengaminkan kriminalisasi Ahok?? Hati2 jg dg mulutmu pak! https:\/\/t.co\/H4ODVaY0Md
7,Non_HS	Ahok Akan Integrasikan Transportasi Publik dengan Sistem Single Ticketing\u2026 https:\/\/t.co\/42PH7pqV0b #infoTribun
8,"Non_HS	""Ahok mampu melawan korupsi di ibukota, bangun infrastruktur, mencoba memperbaiki dengan berbagai trobosan dan works well."""
9,"Non_HS	""Awasi Kecurangan Pilkada, Agus - Sylvi Pakai Aplikasi Ini https:\/\/t.co\/xWZW4nUFIU"""
10,"Non_HS	""Bisa gak kita seperti Jokowi dan Ahok? Aku kalem, kamu tegas saling melengkapi. :')"""
11,"Non_HS	""Bos mau makan di istana ga, Di undang noh makan di istana Gebang tapinya https:\/\/t.co\/ns6cUYCpUj"""
12,Non_HS	Cuti Habis Ahok Jadi Gubernur DKI Lagi? Pengamat: Jangan Mengada-ada | Republika Online https:\/\/t.co\/T3kzvq9E4e
13,Non_HS	Debat terakhir Pilkada DKI Jakarta digelar Jumat malam. https:\/\/t.co\/e9ixz6Jllr
14,Non_HS	Demonstran FPD Malteng Desak Bawaslu Hentikan Sementara Tahapan Pilkada Maluku Tengah
15,"Non_HS	""Dulu Didesak Berhentikan Ahok Ngeles Usai Masa Cuti Pilkada, Sekarang Kampanye Mau Habis Kemendagri Ragu-ragu https:\/\/t.co\/92ss4trDcX"""
16,"Non_HS	""Gila gara2 pilkada, beberapa tokoh menampakkan watak aslinya."""
17,Non_HS	Gontor Izinkan Santrinya Pulang Kampung Nyoblos Pilkada DKI | Republika Online https:\/\/t.co\/JhNOT8ecNz
18,"Non_HS	""Gubernur non-aktif DKI Jakarta, Basuki Tjahaja Purnama atau Ahok, berencana merombak struktur jabatan pegawai... https:\/\/t.co\/cdKEZxF9xO"""
19,Non_HS	HEBAT .. !!! Imam Besar Masjid Istiqlal : Kalimat Ahok 100% Tidak Ada Penistaan AGAMA .. !! SEBARKAN
20,"Non_HS	""Ibu2 aja, kalo beli telor pake milih2 sblm ditimbang. Pdh telor kan mirip2. Ibu2 itu tahu, telor ada yg busuk"""
21,Non_HS	Ini Jawaban Ahok Saat Ditanya Terkait Persiapan Debat Pilgub Terakhir Besok https:\/\/t.co\/S6rlsAR7Y9
22,Non_HS	Ini Pesan Ahok di Hari Pers Nasional #KitaPastiPernah https:\/\/t.co\/h0L6mrjM3R
23,Non_HS	Istighotsah Bersama Ahok Catut Logo NU https:\/\/t.co\/U2rPY3C25R
24,Non_HS	Itu yang ngomong jangan pilih Ahok Djarot pernah ngerasain banjir ga sih? :(
25,Non_HS	Iya aja deh dripada hoax...
26,Non_HS	Jadi teringat para pelacur.belia yg dijual orang tuanya.sendiri di pantura.demi sesuap nasi https:\/\/t.co\/X5DdR7m693
27,Non_HS	jadi yg nyebar hoax ketahuan dong ada akun twitter nya lho
28,Non_HS	Mpok @sylviana_murni-nya tolong Mas @AgusYudhoyono
29,Non_HS	Ke Bidara beli mangga. Pulang nye liwat Slipi. Jangan lupa ingetin tetangga. Untuk milih Agus sylvi. #7HariLagiMilihAHY #AgusBersamaUlama
30,Non_HS	Serius tapi ada selipan hiburannya \ud83d\ude06\ud83d\ude06\ud83d\ude06 #pilkadadki2017 #DebatFinalPilkadaJKT
31,Non_HS	Sylvie sukses blunder bikin paslon 1 drop elektabilitasnya dengan fitnah dan spin salah pilih kader #DebatFinalPilkadaJKT
32,Non_HS	Ahok: mari berlomba program #DebatFinalPilkadaJKT
33,Non_HS	#DebatFinalPilkadaJKT aduh... Kecewa pertanyaan paslon 1....
34,Non_HS	RT @agusdansylvi: #DebatFinalPilkadaJKT Saya pilih nomor 1. Sektor informal akan dimajukan mas Agus dan Mpok Sylvi.
35,Non_HS	RT @JTmor: Ahok pilihan terbaik untuk Jakarta
36,Non_HS	RT @augustfrankto: #DebatFinalPilkadaJKT Bu Silvy curhat karena pernah dimarahi sama Pak Ahok...hehe..
37,Non_HS	Mantap pak AHOK #DebatFinalPilkadaJKT
38,Non_HS	Ahok gagah kaya gatot kaca! #DebatFinalPilkadaJKT
39,Non_HS	Telaaaakkk nomer satuuuu. Nghahahaha #DebatFinalPilkadaJKT
40,Non_HS	Lomba adu program #DebatFinalPilkadaJKT #SkakSilvi
41,Non_HS	#DebatFinalPilkadaJKT Denger banyak program dan janji dan sering tau pas jadi ga dijalankan rasanya males aja sih.
42,Non_HS	DEBAT CAGUB DKI ke 3 - 10 Februari 2017 - Segmen 3 Mantap Ahok SKAK Sylviana Murni\n\n#DebatFinalPilkadaJKT
43,Non_HS	Pertanyaan Ibu Silvy rada maksa.. #DebatFinalPilkadaJKT
44,"Non_HS	""Tanggal 15, pas pilkada nanti sy gak akan milih siapa-siapa ah!"""
45,"Non_HS	""Saya pribadi bakal prefer kok muslim dengan kapabilitas, tetapi lihat kondisinya Ahok menjadi pilihan plg realistis buat kemajuan DKI"""
46,"Non_HS	""Yang mendukung Mas Anies bukan berarti anti Pak Ahok, begitu Pula sebaliknya"""
47,Non_HS	Spanduk Tolak Salatkan Pembela Penista Agama juga Muncul di Kalibata https:\/\/t.co\/Sr1PbYtigN
48,Non_HS	#DebatFinalPilkadaJKT Telak banget anjir ngakak!
49,Non_HS	Ayo berlomba program jangan fitnah2 #DebatFinalPilkadaJKT
50,Non_HS	RT @deelestari: Akhirnya nggak ngantuk lagi! Yeay! #DebatFinalPilkadaJKT
51,Non_HS	Duh dibilang ga punya program paslon 1... kesian kesian kesian ... #debatfinalpilkadajkt
52,"Non_HS	""Tuntut Keadilan Bagi Penista Agama, Puluhan Jawara Betawi Ikuti Aksi 212 Jilid II https:\/\/t.co\/HWVuoZyYov"""
53,Non_HS	Keras nih ahok #DebatFinalPilkadaJKT
54,Non_HS	Paslon 3 Anies Sandiaga Uno 15 Feb 2017 Utk Jakarta Indonesia Raya OK OCE
55,Non_HS	Sesuai namanya: RONDE FINAL\n\n#DebatFinalPilkadaJKT
56,"Non_HS	""Mendagri Tambah Pusing, Ketika MA Emoh Keluarkan Fatwa Status Gubernur Penista Agama https:\/\/t.co\/J34aMQiMNi"""
57,Non_HS	Tolong adu program
58,Non_HS	Genderang perang makin kencang #DebatFinalPilkadaJKT
59,Non_HS	Mpok sylvi udah mulai emosi \ud83d\ude02\n #DebatFinalPilkadaJKT
60,Non_HS	Some people gabisa bedain kasar sama tegas. #DebatFinalPilkadaJKT
61,Non_HS	Beliau para pemimpin hebat Indonesia! Kita bangga https:\/\/t.co\/NAWbps9Xpt https:\/\/t.co\/5cC2U9AIEv
62,Non_HS	@InformasiDKI mungkin bu silvy jg pengen foto sama pak ahok hihihi #DebatFinalPilkadaJKT
63,Non_HS	#DebatFinalPilkadaJKT Mulai saling serang deh
64,Non_HS	RT @InaKinoy: baca ini dulu lah biar mendinginkan suasana #DebatFinalPilkadaJKT https:\/\/t.co\/Em9GCKc4qe
65,Non_HS	ayo berlomba program jgn pitnah doank.. #DebatFinalPilkadaJKT #BadjaPastimenang
66,Non_HS	RT @qronoz: Pokoknya kalo Ahok udah ngomong: Aduuuuuuh KELAR. #DebatFinalPilkadaJKT
67,Non_HS	Senjata makan tuan #DebatFinalPilkadaJKT #DebatFinalDKI
68,Non_HS	Ahok kekerasan verbal? Masa koruptor dielus2 #DebatFinalPilkadaJKT
69,Non_HS	RT @qronoz: Gak ada program yang mau diserang yang diserang karakternya. AHaY! \ud83d\ude02 #DebatFinalPilkadaJKT
70,Non_HS	Terkait Jakarta tak Ramah anak apa tanggapan Pak @aniesbaswedan https:\/\/t.co\/ufA55UWBcI
71,Non_HS	emang OK OCE anies dan sandi dalam mengatasi urbanisasi dan lapangan kerja #DebatFinalPilkadaJKT https:\/\/t.co\/BrCeCZSkux
72,Non_HS	Suporternya mulai kampungan paslon masih ngomong jg ...... #DebatFinalPilkadaJKT
73,Non_HS	Mulai seru ni #DebatFinalPilkadaJKT
74,Non_HS	#DebatFinalPilkadaJKT nangis nangis ketonjok lagi
75,Non_HS	RT @Kafyonaa: JADI DEBAT TERAKHIR NANTI MALAM PILIHANMU JATUH KE PASLON YANG MANA? #DebatFinalPilkadaJKT #Debat3PilkadaDKI
76,Non_HS	RT @magendajuang: Wkwkwk udah dah pilih Anies Sandi aja :) #DebatFinalPilkadaJKT https:\/\/t.co\/hMXhjyHBnJ
77,Non_HS	fitnah lebih kejam loh dari pembunuhan #DebatFinalPilkadaJKT
78,Non_HS	mari #debatsehat. jangan coba pakai #datasesat. #DebatFinalPilkadaJKT #DebatFinalDiKompasTV
79,"Non_HS	""RT @prastow: Apapun itu, keberanian Ahok membongkar mafia anggaran menjadi tonggak penting menuju APBD yg kredibel dan akuntabel."""
80,Non_HS	RT @SydSalesman: inilah wujud nasional-is-me dagangannya @pandji ... hebat! https:\/\/t.co\/0fYIG6c2xl
81,Non_HS	Pak dosen makin keliatan aslinya :(
82,Non_HS	RT @gabriellaanDini: Dulu di awal kampanye bukannya uda deklarasi anti SARA??? Tadinya gw pikir no.3 lebih mending dari no.1
83,Non_HS	#DebatFinalPilkadaJKT mateng mpok Silvy di bombardir Pak Ahok... jawaban cerdas Pak Ahok..
84,Non_HS	#DebatFinalPilkadaJKT mohon tenang
85,Non_HS	Yg no.1 nih ngomongin hal yg di luar program mulu ya. Ngga ada bhan ya bwt serang lawan.. Cape dehh! #DebatFinalDKI #DebatFinalPilkadaJKT
86,Non_HS	Cinta pak Ahok pokoknya #DebatFinalPilkadaJKT
87,Non_HS	#DebatFinalPilkadaJKT nggak cuma ibu2 yang pengen foto sama Ahok bapak2 juga lho
88,Non_HS	Mas Agus saya akui malam ini....rambut kamu bagus! #DebatFinalPilkadaJKT
89,Non_HS	RT @republikaonline: Ahok Janji Berani Tutup Tempat Hiburan Malam yang Jual Narkoba
90,Non_HS	Agus-Sylvi sisipkan bahasa jawa saat debat https:\/\/t.co\/fGTfXgaINx
91,"Non_HS	""RT @hariadhi: Ahok udah perhatikan penyandang disabilitas, jauuuh sebelum kandidat lain berjanji #NobarAhokDjarot #BadjaPastiJuara"""
92,Non_HS	Ahok keren!!! #DebatFinalPilkadaJKT
93,Non_HS	Gimana ya Tim Ahok kok makin disudutkan(?) Mungkin karena ini final kali y
94,Non_HS	Nih fakta buat yg asbun. #BadjaPastimenang #DebatFinalPilkadaJKT
95,Non_HS	Siap-siap meme CCTV. #DebatFinalPilkadaJKT #Debat3PilkadaDKI #DebatFinalDKI
96,Non_HS	Nyinyir tingkat nasional #DebatFinalPilkadaJKT
97,Non_HS	Drama bgt itu :(( #DebatFinalPilkadaJKT
98,Non_HS	Ini judulnya Debat atau nyerang paslon 2 ?????? #DebatFinalPilkadaJKT
99,Non_HS	Lha kok menyerang gitu ya #DebatFinalPilkadaJKT
100,Non_HS	Debat sama berantem beda tipis #DebatFinalPilkadaJKT
101,Non_HS	Orang tegas dibilang maki-maki orang -_- #DebatFinalPilkadaJKT
102,Non_HS	1 atau 2 perempuan berbeda dengan kaum perempuan #DebatFinalPilkadaJK
103,Non_HS	mantap OK OCE anies sandi dalam mengatasi urbanisasi dan lapangan kerja
104,Non_HS	RT @WisnuDewobroto: Ga seru nih. selalu mengungkit masa lalu :). kekerasan Verbal semua pernah lakukan manusia biasa. #DebatFinalPilkadaJKT
105,Non_HS	satu perempuan bukan semua perempuan #DebatFinalPilkadaJKT
106,Non_HS	#DebatFinalPilkadaJKT Pertanyaan paslon 1 dpt dikategorikan sbg kekerasan dalam debat.
107,Non_HS	@jokowi pak maafkan saya. Biarkan malam ini saja saya memposting ujaran kebencian. Hanya malam ini saja pak xoxo #DebatFinalPilkadaJKT
108,Non_HS	Semoga Allah memenangkan pak Anies-sandi https:\/\/t.co\/sns0rXRw3f
109,Non_HS	#DebatFinalPilkadaJKT non muslim coblos Ahok muslim coblos Djarot. Bagaimana?
110,Non_HS	#DebatFinalPilkadaJKT *pemimpin harus dapat ciptakan suasana damai tentram dan bukan adu domba atau hasutan
111,Non_HS	Saya bertanya kepada Bapak Presiden dan Kapolri OK OCE tuh apaan? #DebatFinalPilkadaJKT
112,Non_HS	Keliatan banget keberpihakan media #DebatFinalPilkadaJKT
113,Non_HS	RT @di_HatiKecil: Bagus nih ilustrasinya #DebatFinalPilkadaJKT https:\/\/t.co\/zAQLqrBiUF
114,Non_HS	RT @rezaoktovian: Ahok terlalu keren :')
115,Non_HS	isinya timeline twitter cm pilkada.. membosankan sekali..
116,Non_HS	Mohon tenang mohon tenang #DebatFinalPilkadaJKT
117,Non_HS	ah diulang. Jawabannya bisa beda kan? #DebatFinalPilkadaJKT
118,Non_HS	Perasaan bukan pertanyaan itu deh yg td dijawab om @aniesbaswedan audionya ga keluar atau ia ya? #DebatFinalPilkadaJKT
119,Non_HS	Boleh tinggal di pinggir kali meski bukan tanahnya boleh jualan di pinggir jalan
120,Non_HS	RT @rigenz123: Sehatkan Warga DKI Melalui #JakartaBerlari Barulah Pembangunan Dapat Sejahterakan Warganya. #DebatFinalPilkadaJKT
121,Non_HS	kalau kamu diputuskan pacar tanpa sebab mungkin program OKE OCE bisa jadi solusi nya #DebatFinalPilkadaJKT
122,Non_HS	Melibatkan yang paham pada bidangnya untuk duduk bersama memecahkan solusi. Cara kepemimpinan yg cerdas ! #DebatFinalPilkadaJKT
123,Non_HS	Justru laki-laki lah yang sering mengalami kekerasan verbal. Berapa kali dirimu dimarahi istrimu..? Ayo ngaku.
124,Non_HS	RT @TirtoID: Soal gerakan-gerakan ala @aniesbaswedan #PeriksaData #DebatFinalPilkadaJKT
125,Non_HS	Mayoritas warga Jakarta ingin dipimpin Gubernur baru. Emang iya? #DebatFinalPilkadaJKT
126,Non_HS	Paslon 1 selalu nyerang paslon 2 ni #DebatFinalPilkadaJKT
127,Non_HS	RT @JktMajuBersama: Upaya Anies-Sandi untuk mendukung perempuan menjadi pelaku UKM :) #DebatFinalPilkadaJKT
128,Non_HS	Salah satu indikator meningkatnya kualitas hidup warga Jkt adl terus bisa tersenyum seperti Pak Djarot malam ini
129,Non_HS	Tontonan yg wajib ditunggu sehabis #DebatFinalPilkadaJKT
130,"Non_HS	""RT @ainouun: Pak Ahok : penyandang disabilitas bukan hanya mereka, suatu saat kita juga bisa jadi. #DebatFinalPilkadaJKT"""
131,"Non_HS	""RT @tribunjateng: Saat Jeda, Ahok dan Djarot Sapa Ganjar Pranowo dari Atas Panggung"""
132,Non_HS	@Boojaee sayang hyung cuma pencitraan :* wkwk
133,"Non_HS	""@kurawa Msh inget sm ibu penjual kue di balaikota, cm Pak Ahok yg tau klo si ibu sakit, ibu itu langsung diurus ke rs. Ini bukan pencitraan."
134,Non_HS	Biar jajan naik sejuta https://t.co/veZ5PXxDfr
135,Non_HS	bio gw belum diganti astagfirullah rusak pencitraan cewe cantik
136,Non_HS	#MataNajwaDebatJakarta Ya ampun udh closing statement msh aja commentnya ky gitu ya
137,Non_HS	Hah uda closing statement?? Cepet bener?? #DebatFinalPilkadaJKT
138,Non_HS	RT @digembok: #DebatFinalPilkadaJKT kali ini keren.Biasanya ada sesi tanya-jawab Kali ini ada SESI CURHAT
139,Non_HS	Ketiga paslon gagal menjawab pertanyaan yang jawabannya harus memuji kebaikan paslon lain
140,Non_HS	Mari berjuang bersama SBYudhoyono utk memenangkan #SaduddinDhani di #PilkadaKabBekasi2017 #BekasiSAH #BekasiBerjaya
141,"Non_HS	""Jikapun aparatur bisa dibeli, kyai dan santri oplosan dibeli. Masih ada yng ASLI, siap MELAWAN KETIDAKADILAN https://t.co/riloAH9gAd"""
142,Non_HS	Pasangan mana yang unggul dalam debat kandidat Gubernur-Wagub DKI Jakarta Malam Ini?
143,"Non_HS	""Keberagaman itu datang dr hati terdalam, bukan dr pencitraan #Tetap3 #JKTBeragam"""
144,"Non_HS	""Membangun bangsa dan negara ini engga cukup dengan metoda pencitraan saja ,tanpa teruji lewat rekam jejak dan integritas tokohnya"""
145,"Non_HS	""RT @adelladellaide: Bersikap baik dan menjaga prilaku di depan umum bukan berarti pencitraan, bukan pula """"menjadi orang lain""""."""
146,"Non_HS	""RT @FiersaBesari: Saat jujur, ada yg curiga. Saat berbuat baik, ada yg menuduh pencitraan. Saat bahagia, ada yg iri. Abaikan."""
147,"Non_HS	""Umat Islam yg peduli agama mrk, tentu tdk akan tergoda dg trik2 konyol seperti ini, InshaAllah umat Islam sdh sadar https://t.co/PFH1MPsKFO"""
148,"Non_HS	""#AniesIntoleran \nAnies Baswedan, tak lagi memiliki integritas dan kredibilitas sebagai seorang pemimpin. https://t.co/rv053Gt4j8"""
149,Non_HS	@agusriyadi12345 Apakah perlu semua berita ahok harus menggunakan penista agama. Misalnya Penista agama sedang kampanye di Jakarta pusat.
150,"Non_HS	""@agusriyadi12345 Apakah tidak sadis, jika semua berita tentang ahok, judulnya diawali degan Terdakwa penista agama bukan menggunakan nama?"""
151,"Non_HS	""@Altefalken kemarin kan ada berita tentang penyakit mengingitis dari Babi, mksd gw apa nyambungnya sama ahok?"""
152,Non_HS	@ISejunnie @AHMADDHANIPRAST artis korea bisa world tour ahmad dhani bisa ?
153,"Non_HS	""@HaqueMarissa ,, ahok di jakarta , daging babi di bali apa hubungan nya ya??"""
154,"Non_HS	""Ahmad Dhani Bangkrut Ditagih Utang Melalui Video, Mantan Istrinya Jadi Janda Kaya Raya: Hampir setahun berlalu, https://t.co/22InRwRR26"""
155,"Non_HS	""Ahmad Dhani Sentil AHOK, eh Sandiaga Uno cengar cengir.!: https://t.co/vhDAAa3ShI melalui @YouTube"""
156,Non_HS	Hehhee.. Makanya jangan mengagumi sesorng berlebihan.. Kecuali kepada Rasulullah.. https://t.co/ZXVB2DiRMg
157,Non_HS	#MataNajwaDebatJakarta acara uda abis menurut kalian debat sapa yang betul-betul memaparkan prog dan solusi?
158,Non_HS	Mereka (koruptor) meletakkan kitab suci ditempat paling rendah...tapi masih sok jadi pemilik kapling surga... https://t.co/oj5YN3WBeI
159,Non_HS	RT @99Ohhani: Woww dukungan Rakyat Palestina ke Ahok yg dituduhSbg penista Agama ?? mrk Mengelu2kan Ahok !!!Ahok is The Best https://t.co/
160,Non_HS	Pencitraan di socmed itu boleh-boleh aja. Tapi harus bisa tanggung jawab sama citra yang udh dibikin. Jangan sampe jadi malu-maluin. Kasian.
161,Non_HS	RT @kompascom: Kasus Kicauan Ahmad Dhani Dilimpahkan ke Polres Metro Jakarta Selatan. https://t.co/uJ0m7JernN
162,Non_HS	RT @kv_kahfi: Komplit bgt yaaaa..... Heran nya msh aja yg percaya dan idolain dia https://t.co/PNTYRAnaJO
163,Non_HS	RT @m0th3rb04rd__: bagaimana keadilan bisa tercipta jika si penista agama belum di vonis penjara\n #BerjamaahTolakReklamasi
164,"Non_HS	""RT @TeddyGusnaidi: Bro.. Kalau yg dimaksud Fatwa Penista agama, MUI gak pernah mengeluarkan Fatwa. https://t.co/x9uXhqJKCa"""
165,Non_HS	RT @TeddyGusnaidi: Sidang hari ini makin menguatkan bahwa Ahok bukan penista agama.. Ada yang bisa bantah?? \nhttps://t.co/2Ksj4snR1t
166,"Non_HS	""Sebut Ahok Bukan Akademisi, Ahmad Dhani: Secara Intelektual, Lebih Intelek Bang Anies https://t.co/YrzfmMV1LG"""
167,"Non_HS	""Yg melakukan Penista Agama sesungguhnya, agama yg suci digunakan alat untuk mengejar jabatan (kekuasaan) https://t.co/hKvZIpm8ZS"""
168,"Non_HS	""Kalah di Pilkada Bekasi, Ahmad Dhani Jadi Juru Kampanye Pasangan Anies-Sandi https://t.co/oIZpN8hYnd #NenengYes https://t.co/FGOhKhXWxt"""
169,Non_HS	#MataNajwaDebatJakarta Bravo closing statement Anies malam ini.kalau nggak ada debat saya nggak mungkin nonton mata najwa sdh lama tdk suka.
170,"Non_HS	""#MataNajwaDebatJakarta jawaban terakhir Anis jadi bikin ingat jawaban dia pas debat kemarin, """"jawaban anda menarik tapi tidak nyambung"""""""
171,"Non_HS	""#MataNajwaDebatJakarta buzzer ahok lagi kerja keras nih,.ayo kerja2 tar gajian ga turun"""
172,Non_HS	#MataNajwaDebatJakarta kerendahan hati dan lawan kerendahan hati kelihatan banget..
173,Non_HS	#MataNajwaDebatJakarta kok gaya pak @aniesbaswedan kayak SBY ya?
174,"Non_HS	""#MataNajwaDebatJakarta kenyataannya si anis nyaman bgt dgn isu sara kok , kan nguntungin anis , pura2 sok bijak pdhl menikmati isu sara ,"""
175,Non_HS	#MataNajwaDebatJakarta nyesel liat debat tidak bermutu cuma bisa mencela..
176,Non_HS	#MataNajwaDebatJakarta.kesimpulan: Saya tdk rela punya Gub seorg Anies dan sy percaya Ahok akan menang. Salam 2 jari.
177,Non_HS	@ibnusungeb ahoker panas dingin ahok kalah debat Sama Anis. #MataNajwaDebatJakarta
178,Non_HS	Ada yg tahu ga backsound penutup mata najwa ini siapa musisinya dan apa judulnya? #MataNajwaDebatJakarta
179,"Non_HS	""#MataNajwaDebatJakarta p ahok apapun hanya Utk rakyat, p anies tkt dicurangi... Ngerti bedanya.."""
180,"Non_HS	""@MataNajwa mantapppp Mata Najwa diskusi lebih hidup dan mendidik,,, jauh berkualitas di banding debat yg selenggarakan KPU"""
181,"Non_HS	""@MataNajwa mbak najwa..ayo """"ketengah"""" lagi sedikit..jgn terlihat ke kiri, dgn meminta terus pak anies cpt2 menyelesaikan kalimat2nya.."""
182,"Non_HS	""Dan soal soal ribut-ribut pribumi vs non pribumi yang ramai di beranda saya itu, sebenarnya maksudnya apa? ikut..."""
183,"Non_HS	""Sedih liat pak anies saat ini, tokoh yang dulu saya kagumi kenapa jadi seperti ini ;') #MataNajwaDebatJakarta"""
184,Non_HS	Awal sp akhir @aniesbaswedan bisanya cm serang pribadi @basuki_btp gak ada program yg perlu dibanggakan #MataNajwaDebatJakarta
185,Non_HS	Gimana nih om @pandji pasti ikut gedeg juga kan dengerin retorika ga ada wawasan. Tapi gimana udah terlanjur ya. #matanajwadebatjakarta
186,Non_HS	Haduhhhh Pak Anies.. Terus pendukung anda yang didatengin ke Jakarta itu dari mana pak? Dari luar jakarta kan #MataNajwaDebatJakarta
187,Non_HS	Haha anies pendemo2 dr jawa barat kok ga ngomen. Takut kalah ya haha #MataNajwaDebatJakarta
188,Non_HS	#MataNajwaDebatJakarta pak uno habis 62M istrinya ga marah ya pak? Saya mo beli sepatu 300rb aja istri saya marah2 pak
189,"Non_HS	""#MataNajwaDebatJakarta jangan suka menyerang, ini bukan perang,. mengapa ingin ibadah harus menyerang orang.."""
190,"Non_HS	""#MataNajwaDebatJakarta Paslon 3 serang terus dengan membawa2 hal2 yg biasa menyerang, tp Paslon 2 tenang menjawabnya"""
191,"Non_HS	""Aahhh akuh sedih, akuh org depok ternyata ngga boleh ke jakarta pak mANIES jahattttt #MataNajwaDebatJakarta"""
192,"Non_HS	""#MataNajwaDebatJakarta saludd utk mata najwa, berbobot sekali perdebatan malam ini.."""
193,Non_HS	Jadilah orang yang bertanggung jawab atas segala tindakan anda. dengan demikian anda akan menuai hal yang positif. #SidangAhok
194,"Non_HS	""Menurut Anda, apakah #SidangAhok Dugaan Penistaan Agama dgn Terdakwa @basuki_btp murni isyu Pilkada DKI Jakarta atau murni demi Islam???"""
195,Non_HS	Semua kejujuran akan mendapatkan pahala dari surga. Sabar ya Pak Basuki #FreeAhok https://t.co/NlgbEcj4Jc
196,Non_HS	Jadilah orang yang bertanggung jawab atas segala tindakan anda. dengan demikian anda akan menuai hal yang positif. #SidangAhok
197,"Non_HS	""#MataNajwaDebatJakarta terima kasih telah memberikan pendidikan demokrasi pada rakyat Indonesia, khususnya Jakarta."""
198,"Non_HS	""Keberagaman itu datang dr hati terdalam, bukan dr pencitraan #Tetap3 #JKTBeragam"""
199,"Non_HS	""Membangun bangsa dan negara ini engga cukup dengan metoda pencitraan saja ,tanpa teruji lewat rekam jejak dan integritas tokohnya"""
200,Non_HS	jangan ada keberpihakan dalam badan hukum karena itu akan merusak demokrasi #important #MataNajwaDebatJakarta
201,"Non_HS	""Jika lo bisa menceritakan kembali kalimat2 yg dilontarkan Anies di @MataNajwa dgn bahasa lo sendiri, lo luar biasa. #MataNajwaDebatJakarta"""
202,"Non_HS	""kalau liat sosmed, Pak Ahok menang telak. Namun sayang, hanya kata-kata manis lah yg diserap bbrp warga kecil. #matanajwadebatjakarta"""
203,Non_HS	Seharusnya mah basuki sudah bebas ya kan? #FreeAhok https://t.co/Mw3k0vYweF
204,"Non_HS	""Kenapa debat @MataNajwa ini, Ahok makin keliatan diatas angin ya. Kliatan dia sangat menguasai problem solusi tata kelola Jakarta."""
205,Non_HS	Kalau lihat Ahok itu kayak lihat power rangers merah
206,Non_HS	Kesimpulan. Ahok spt biasa fokus detail ke program. Anies terlalu fokus menjatuhkan lawan #MataNajwaDebatJakarta
207,"Non_HS	""pertunjukan yang sangat membuat saya serius dan gak mau diganggu, selamat untuk pak @aniesbaswedan buat gagasan nya #MataNajwaDebatJakarta"""
208,Non_HS	Jangan berpihak...melayani rakyat dengan sepenuh hati..Tuhan yang memberi kekuasaan.. Tuhan yang mengambil..-ahok#MataNajwaDebatJakarta
209,Non_HS	Pak Ahok jangan blunder dong Pak..dari tadi udah bagus. Pertanyaannya komitmen menerima hasil kontestasi. #MataNajwaDebatJakarta
210,Non_HS	jangan ada keberpihakan dalam badan hukum karena itu akan merusak demokrasi #important #MataNajwaDebatJakarta
211,"Non_HS	""Jika lo bisa menceritakan kembali kalimat2 yg dilontarkan Anies di @MataNajwa dgn bahasa lo sendiri, lo luar biasa. #MataNajwaDebatJakarta"""
212,"Non_HS	""Kenapa debat @MataNajwa ini, Ahok makin keliatan diatas angin ya. Kliatan dia sangat menguasai problem solusi tata kelola Jakarta."""
213,Non_HS	Kiranya Jakarta semakin baik. Selamat berjuang buat Pak Ahok dan Pak Anies ! #MataNajwaDebatJakarta
214,Non_HS	Masihkah Ahoker debat soal program? Jlebb.. KO kena uppercut Anies soal KJP. Pergubnya blm di rubah.. @roemahdjoeang @NetizenTofa @cepot234
215,Non_HS	RT @alysap_: Semua penganut agama harus dapet hak yang sama - Ahok #MataNajwaDebatJakarta
216,"Non_HS	""Aku heran kenapa ilklan kampanye #AhokDjarot yg terbaru itu begitu, ini aku loh yang bingung bkn akuang,asiang, atau aming #IklanAhokJahat"""
217,Non_HS	Abis nyoblos streaming video perkembangan Pilkada 2017 pake #SisaKuotaGakHangus dari @IM3Ooredoo kuota ga habis deh
218,Non_HS	muslim sedang diuji di negara yg mayoritas Islam..semoga kita smua bisa bersabar dan menahan utk tidak berbicara kasar sbg balasan
219,Non_HS	Kiranya Jakarta semakin baik. Selamat berjuang buat Pak Ahok dan Pak Anies ! #MataNajwaDebatJakarta
220,"Non_HS	""RT @grcllafrn: Pak Anies, inget, apa yg kau tabur itu yang akan kau tuai nanti... jadi takut sendiri :"""") #MataNajwaDebatJakarta"""
221,Non_HS	RT @kompascom: Bagaimana metode penarikan sampel hitung cepat yg dilakukan Litbang Kompas dlm Pilkada DKI Jakarta 2017? Simak disini
222,"Non_HS	""mnding diem aja pak @basuki_btp semua pergerakanmu pasti disalahkan, klo wktunya menang ntar jga menang.... #IklanAhokJahat"""
223,Non_HS	RT @netmediatama: Perbincangan menarik di Quick Count Pilkada 2017 bersama @irakoesno. #NETPilkada https:\/\/t.co\/odbVw4uWMr
224,Non_HS	Bersyukur menutup kampanye hari ini dengan berdoa agar PILKADA DKI Jakarta pada 15 Februari 2017 berjalan dengan lancar
225,Non_HS	Julia Perez Kecewa Gagal Nyoblos Pilkada DKI 2017 di TPS 15 RSCM https:\/\/t.co\/vajPLioiek
226,Non_HS	Disediakan Ambulans untuk Pasien Mencoblos pada Pilkada DKI 2017
227,Non_HS	RT @miekarinayam: Saya bertanya apakah saya memang tak boleh ikut Pilkada 2017? Apakah saya kehilangan hak saya yg dijamin konstitusi?
228,Non_HS	Ya Allah! Anis dan Sandi bakal jadi Gubernur DKI Jakarta terpilih di tahun ini
229,Non_HS	Domisili gue di Jakpus bela-belain ke TPS yg berlokasi di Jakbar dgn bermodal e-KTP buat ikutan Pilkada 2017.
230,Non_HS	RT @netmediatama: Presiden @jokowi menggunakan hak suaranya untuk Pilkada DKI Jakarta 2017 di TPS 4 Gambir Jakarta Pusat. #NETPilkada
231,"Non_HS	""RT @boelatboelat: agree pak @basuki_btp kekuasaan itu Tuhan yang kasih, walau dijatuhkan, Tuhan akan menaikkan :) #MataNajwaDebatJakarta"""
232,"Non_HS	""RT @AzzamBarbarossa: Akibat Nila Setitik Rusak Susu Sebelangga, Akibat Mulut Oknum Tak terdidik Rusak Juga Persatuan Bangsa. #IklanAhokJahat"
233,"Non_HS	""Mudah-mudahan Novel baswedan tidak alami kebutaan pada matanya. Kalau sampai buta, saya siap mendonorkan mata saya untuk dia."""
234,"Non_HS	""Mengapa mereka melakukan ini, apakah bisa merubah keadaan bagi para pemilih nanti ? #IklanAhokJahat"""
235,Non_HS	RT @hariadhi: Siapa yg salah? Ahok? Iklannya? Bukan.. yang perlu diprotes adalah orang yg benar2 pake spanduk itu #IklanAhokJahat https://t
236,Non_HS	Sampe sekarang gue blm ngerti dp rumah 0% itu gmn skemanya. Trs emg ada ya perbankan yg mau ngasih kredit rumah gak pakai dp? #debatfinalpilk
237,"Non_HS	""#debatfinalpilkadadki Bagi Anies gubernur adalah pemimpin, bukan administratur / pelayan masyarkt. Padahal melayani mencerminkan integritas."
238,"Non_HS	""Kalimat Penutup Anies Ambisius, Ahok Minta Maaf, Karakter Tidak Bisa Bohong. #DebatPilkadaDKI #DebatFinalPilkadaDKI"""
239,"Non_HS	""pertunjukan yang sangat membuat saya serius dan gak mau diganggu, selamat untuk pak @aniesbaswedan buat gagasan nya #MataNajwaDebatJakarta"""
240,"Non_HS	""RT @BelaQuran: Kami tdk akan terprovokasi dgn sentimen dan jualan SARA mu itu, karena kami cinta Indonesia #IklanAhokJahat"""
241,Non_HS	Semakin umat di suguhkan #IklanAhokJahat maka akan semakin terlihat siapa yang menebar kebencian terhadap kerukunan antar umat beragama
242,Non_HS	Hampir semua polling Anies - Sandi yang menang. Semoga hari H nya juga demikian. #AniesSandi
243,Non_HS	RT @anjisudirman: @fahiraidris Yg iklankan kampanye ahox adalah yg sama sebarin spanduk syariah dan brosur black campaign. #IklanAhokJahat
244,"Non_HS	""Oke Oce akan menjadi brand dimana, semuanya menjadi OKe Oce, bahkan nanti ada kampung Oke Oce #debatfinalpilkadadki"""
245,"Non_HS	""RT @BelaQuran: Sungguh sgt mengherankan, mengkampanyekan kebhinekaan tp dengan menyebarkan Islamophobia, kebhinekaan yg mana yg dimaksud?"""
246,"Non_HS	""Debat Final Pilkada DKI Jakarta, Siapa yang Gagap, dan Siapa yang Tepat Menjawab - Adjat Sudradjat"""
247,"Non_HS	""Jika persoalan pemimpin hanya dikaitkan dengan lisan, maka apa bedanya gubernur dengan anak-anak? #MataNajwaDebatJakarta"""
248,Non_HS	Cerita Djarot ini diharapkan membuat para pendukung tetap berdamai. #debatfinalpilkadadki #temanahok #AniesSandi
249,"Non_HS	""Cuman mau bilang sama yang serius banget ngetweet pakai hastag #IklanAhokJahat """"Gitu aja baper""""."""
250,Non_HS	Ira Koesno Didekati Anies-Sandi Lalu Marahi Pendukung Paslon Saat Debat Pilkada DKI
251,"Non_HS	""Alhamdulillah ya Allah SWT Semoga jakarta punya gubernur baru yg lebih bersahaja, bersahabat utk semuanya #AniesSandi"""
252,Non_HS	Jelang larut semalam. Diskusi dengan aktifis Golkar tingkat kelurahan. Siap bergabung dalam pemenangan #AniesSandi
253,Non_HS	RT @alayyubichoir: Sosok Anies Sandi harus diakui sgt mengayomi. Sangat kompeten utk membangun kerukukan & kebhinekaan di Jakarta
254,Non_HS	RT @nielchen99: Ngomong manis memang gampang giliran kerja bingung #MataNajwaDebatJakarta
255,Non_HS	19 April adalah saat yang penting bagi warga Jakarta untuk menentukan masa depan Ibukota
256,"Non_HS	""RT @maharanisinta70: terimakasih Pak Anies pemaparantentang DP 0 ,memberi solusi bagi warga jakarta yang ingin punya rumah dan tidak nyewa t"
257,"Non_HS	""Yang aku perhatikan, Tim Mas @aniesbaswedan sibuk ngoceh tentang @basuki_btp dan programnya. Kenapa gak ngurus diri sendiri?"""
258,"Non_HS	""kalo pilih gubernur yg jujur, kerja nyata,anti korupsi,tegas,pinter,mlyani rakyat iklas & peduli pilih ahok djarot,.."""
259,Non_HS	RT @anies_sandi: Bisa merangkul dan menegakkan hukum. Kepemimpinan itu hadir dengan memberikan contoh & perbuatan - @aniesbaswedan
260,"Non_HS	""Hasil kerja Ahok Djarot sungai di Jakarta kembali normal, bersih dan enak dipandang"""
261,"Non_HS	""Ahok & Anies sama baiknya kok, sama bagusnya, sama okenya. Siapa yg kepilih yg menang tetap rakyat jakarta"""
262,"Non_HS	""Semoga pak basuki bisa jadi presiden,agar Indonesia lebih maju."""
263,"Non_HS	""Allah SWT tdk butuh anda. Tapi Anda yang butuh Allah,Rezeki, hidup matimu. Allah yg tentukan. Mau khianati Allah? yakin gak nyesel? #SidangA"
264,Non_HS	#SidangAhok dilanjutkan dengan rekaman yang memuat kampanye Ahok di DPP Nasdem dan juga Pulau Seribu. | @adrieedu https://t.co/8P5P4DUcFG
265,Non_HS	RT @JanurOmank2626: Ahok harus bebas demi hukum demi keadilan demi kelanjutan perbaikan DKI. Semoga hakim mmpunyai sense of justice
266,Non_HS	Pembangkit Listrik Tenaga Panas Bumi Terbesar Dunia.. #CitiPeka #SidangAhok #Tebak2anHajiDjarot https://t.co/KtXdXZsh8H
267,"Non_HS	""RT @findririn: Dan toleransi itu, ketika muslim bisa menjalankan perintah agamanya, dan non muslim juga bisa menjalankan agamanya."""
268,"Non_HS	""RT @findririn: Walaupun artinya teman setia, seharusnya lebih dihindari kalau jd pemimpin"""
269,Non_HS	Semua kejujuran akan mendapatkan pahala dr surga #FreeAhok
270,Non_HS	Seharusnya mah basuki sudah bebas ya kan? #FreeAhok https://t.co/Mw3k0vYweF
271,"Non_HS	""RT @RuridaJihandari: Itu sidang apa drama korea sampe 20kali, lagi menunggu sidang ahok season 2 nih... Kayaknya goblin mah kalah pamornya"""
272,"Non_HS	""Menurut Anda, Transportasi Online manakah dikatakan """"tarif murah, aman & nyaman"""" melayani ???"""
273,Non_HS	Nelayan Jakarta Sudah Disiapin Pulau Khusus oleh Pemda DKI #LunchBreak #SidangAhok
274,Non_HS	Adakah Potensi Radikalisme di Pilgub DKI Jakarta? #LunchBreak #SidangAhok
275,"Non_HS	""RT @NovenStjK: Siaran ulang #AhokDjarotDiRosi malam ini, saksikan yuk di @KompasTV #AhokDjarot #Temanahok"""
276,"Non_HS	""cuma org"""" yg salah saja yg takut dgn doa itu,anda salah?? kenapa takut??? bertobatlah sebelum doa itu dinyatakan,"""
277,Non_HS	Selamat Pagi met aktifitas happy weekend Semoga kita jadi orang jujur biar hidup slalu mujur Aamiin #FreeAhok
278,"Non_HS	""Ahok dituntut 1 tahun penjara. Kemungkinan akan divonis bebas. Masalahnya, warga DKI terlanjur kehilangan pemimpin terbaik. #FreeAhok"""
279,Non_HS	Alhamdulillah tuntutan jaksa hanya 1 tahun masa percobaan 2 tahun yg artinya sbnrnya jaksa mengakui kalo Ahok itu tak bersalah #FreeAhok
280,Non_HS	Kalah atau menang #tetapahok. Terimakasih krn banyak ngasih pelajaran bagaimana kerja keras utk rakyat dgn bersih.
281,"Non_HS	""Pilkada Serentak, Megawati Hanya Minta Jangan ada Intimidasi dan Politik Uang https:\/\/t.co\/zHhvJ4qrrY"""
282,Non_HS	#thw911 Saat Anies-Sandiaga Minta Doa Ustaz untuk Debat Pilkada https:\/\/t.co\/2odlrYteU1
283,Non_HS	Jangan pernah lelah mengabdi untuk Indonesia Pak @basuki_btp. #TetapAhok!
284,"Non_HS	""@LaitsSaja Jika Menang, Anies Siap Rangkul Paslon Lain Jika menang dalam kontestasi Pilkada https:\/\/t.co\/KG40YTelWX"""
285,Non_HS	@LaitsSaja TNI-Polri Bersinergi Jaga Keamanan Jelang Pilkada DKI TNI dan Polri terus bersin https:\/\/t.co\/HP77I9lffG
286,Non_HS	@novie_wednes72r Bismillah Inshaa ALLAH Agus Sylvi menang Pilkada DKI 1putaran dan jadi pemimpin yg amanah dan mencintai rakyat jakarta.
287,Non_HS	Trima kasih pak uda bikin jakarta lebih baik selama bapak menjabat....
288,Non_HS	@nu_online sikap yang jelas dan tegas demi ketertiban dan keamanan ibu kota negara menjelang pilkada dki jakarta
289,Non_HS	Rencana Tuhan lebih baik dari rencana manusia. Mungkin Ahok bs bekerja kebih baik di posisi lain
290,Non_HS	walau kalah tp aku tetap merasa terhormat mendukung BADJA #TerimakasihAhok
291,Non_HS	Basuki TP Ahok Wawancara informal dengan wartawan Balaikota: https:\/\/t.co\/g7iB5H5RUL
292,"Non_HS	""Terimakasih Pak Ahok @basuki_btp #tetapahok karena kita memang siap kalah, dan selamat buat Gubernur baru"""
293,Non_HS	LUCU !! Yuk Melihat AHOK Promosikan Musik Dangdut Kepada Tamu Mancanegara
294,"Non_HS	""Minggu Tenang Pilkada, Ahok Fokus Kerja di Balai Kota: Peresmian-peresmian RPTRA CSR ditunda."""
295,Non_HS	MANTAB !! AHOK dan Pemprov DKI Jakarta Terjunkan Alat Berat Untuk Keruk Sampah di Waduk Pluit
296,Non_HS	Pagi Ini Polrestro Bekasi Gelar Pasukan Pilkada https:\/\/t.co\/ypRv5nNjSb
297,Non_HS	Pak @basuki_btp saya hanya bantu menyampaikan. Sbg orang2 di sekitar Pak Ahok bisa menyampaikan ke beliau. @kurawa. #BlusukanAhok #Gue2
298,"Non_HS	""pak ahok kalau anda jadi gubernur jangan lupa anda harus bangun provinsi Jambi buat lahan petani semua, dan jln kreta api jambi, riau, lampu"
299,Non_HS	Partai Nasdem Optimis Menang di Pilkada Serentak 2017 https:\/\/t.co\/EOAzcxai94
300,"Non_HS	""biar kalah, tetap bangga. Sabar n iklas menerima nya. Masih bnyak jabatan lain untuk pak ahok. #TetapAhok"""
301,Non_HS	Sabar n iklas ya pak. Apa pun hasil nya. Kita tetap dukung. Di mna pun/jabatn apa pun yg bpk emban nanti. #TetapAhok
302,"Non_HS	""Wlaupun kita tak kenal,saya yakini slama ini kamu tlah bkerja kras tuk sebuah nilai yg diperjuangkan."""
303,"Non_HS	""RT @ahokdijegal: Kita mgk bs mendukung dia dlm hal kejujuran dan niat baik utk melayani warga, tapi gantiin dia dlm hal pekerjaan"""
304,"Non_HS	""Puluhan Personel Brimob Nunukan Diberangkatkan, Amankan Pilkada di Dua Provinsi"""
305,Non_HS	@basuki_btp sing sabar pak.. Simpen energi bapak untuk bagian lain Indonesia... Gusti Allah mboten sare pak...
306,"Non_HS	""Karena saya memilih dengan sehat maka saya kompensasikan dengan sarapan pagi yang, uhm, secara umum gak sehat. IMPAS"""
307,"Non_HS	""RT @Aktualco: Mahfud MD Heran, UU Pemda Sangat Jelas Tapi Mendagri Keukeuh Pertahankan Ahok"""
308,"Non_HS	""RT @AlissaWahid: Tuips, Ibu Sinta Nuriyah tidak pernah mengeluarkan pernyataan terkait pilkada DKI"""
309,Non_HS	RT @AmaliaAmelCute2: Lebih tambah jatuh hati deh jadinya Tak bisa berpaling ke pilihan yg lain Tetap ke pak ahok -Djarotlah yg terbaik
310,"Non_HS	""RT @AnakBaranusa: Yoi... Yang Jelas Pemenagnya itu hanya satu pasang calon, buka dua apa lagi tiga. 1, 2 dan 3 memiliki Peluang yg sama"""
311,"Non_HS	""RT @AT_AbdillahToha: Aksi 112 tampaknya akan diubah jadi zikir pilkada. Sejauh yg saya tahu, zikir adalah ibadah dekatkan diri ke Allah."""
312,"Non_HS	""RT @blogdokter: Janganlah karena pilkada dan kepentingan politik sesaat, persahabatan dan persaudaraan kita terputus | Kita adalah saudara."""
313,Non_HS	RT @Brani2000: Pilkada di Beltim di kampung sendiri ahok hanya 33% suara. Di Babel kalah telak. Pilkada di DKI? paling cuma 3% suara
314,Non_HS	RT @digembok: Ya allah... Beneran... Pak ahok akhirnya samperin si emak...
315,"Non_HS	""Terimakasih Pak @basukibtp untuk 5 tahunnya, 3 tahun sbg wakil gubernur & 2 tahun sbg gubernur!"""
316,"Non_HS	""RT @eliya_mkom: kesimpulannya tuips, mari kita menangkan Agus Sylvi SATU Putaran, gak perlu pakai 2 putaran segala, cuma habiskan waktu"""
317,Non_HS	Dan selamat atas kemenangannya untuk bapak Anies & Sandi. Semoga Jakarta bisa bersatu lagi
318,Non_HS	Bangga masih memiliki putra bangsa seperti pak Basuki dan pak Jarot.
319,"Non_HS	""Temen-temen, apapun pilihannya, masih ada kehidupan setelah pilkada. Mari saling merangkul & saatnya Jakarta maju dan bahagia bersama."""
320,"Non_HS	""Selamat atas status barunya pak #Aniessandi, semangat ya pak, semoga semua sesuai dengan janjinya"""
321,"Non_HS	""Pak ahok @basukibtp tetep semangat yaaa, saya akan selalu menghargai kerja keras bapak dan saya ucapkan selamat atas kemenangan paslon nomor"
322,Non_HS	Terima kasih pak ahok pak djarot kami bangga perna di pimpin sama bapak berdua...tetap semangat...sukses terus pak
323,Non_HS	Terima kasih Pak Ahok-Djarot telah bersama kami beberapa tahun ini
324,Non_HS	RT @FerpuAdvocates: Sumarsono: Gaya Pak Ahok yg Kerja Keras Patut Dicontoh dan itu Bagus!!!
325,"Non_HS	""RT @Franstone888: Klo semua mau jujur dan pake hati nurani, Ahok adlh yg terbaik buat Jakarta. Gubernur yg jujur dan benar2 perhatian pd war"
326,Non_HS	Pak Ahok the best aku salut sama pak orang nya sabar dengan cobaan dari tuhan Pak Ahok is the best
327,"Non_HS	""RT @hariadhi: Makasih Pak Ahok, sudah ajarkan kami makna peduli sama rakyat. Andai di masa depan saya dpt kesempatan"""
328,Non_HS	RT @IpungLombok: Hadeuuuh.. Kenapa jadi gaduh gini Pilkada DKI ya... Padahal Pilkada serentak 2015 lalu aman aman saja?
329,"Non_HS	""RT @MbakNevi: Masyarakat Transportasi Jakarta dukung Ahok-Djarot, https:\/\/t.co\/7fdwk8XvCB"""
330,"Non_HS	""Saya sudah tidak tertarik melihat Debat Pilkada DKI, namun ada yang menarik. Salah satu Cagub sering mengepalkan tangan pada saat menjelas"""
331,Non_HS	Semangat terus. Maju terus di dalam TUHAN. God Bless you more and forever bpk ahok dan family
332,"Non_HS	""Selamat bertugas pak Anis, semoga Jakarta menjadi lebih baik lagi!"""
333,"Non_HS	""@aniesbaswedan @sandiuno selamat ya pak, kami tunggu program terealisasi. Jangan kecewakan Jakarta"""
334,Non_HS	Saya selalu mendoakan yg terbaik untk bapak dan bapak juga mendapatkan banyak ucapan dari saudara di gaza palestina
335,Non_HS	Selamat untk bpk @aniesbaswedan & @sandiagauno atas kemenangannya. Semoga allah memberkahi disetiap langkah yg bapak ambil aminnn salam3jari
336,Non_HS	RT @netmediatama: Mereka telah siap berikan yang terbaik di ajang debat terbuka!
337,Non_HS	Pak anies dan pak @sandiuno selamat ya sudah terpilih jd gubernur dan wagub Jakarta.
338,Non_HS	RT @PartaiSocmed: Kejahatan perbankan yg di spin oleh tim AHY untuk kepentingan pilkada
339,Non_HS	RT @swamediumcom: Agus-Sylvi Diprediksi Maju di Putaran Kedua Pilkada DKI versi Survey GRP
340,Non_HS	RT @temanAhok: Alhamdulillah sambutan antusias warga di tiap blusukan pak Ahok selalu real. Ngga ada settingan.
341,Non_HS	Sampai detik ini pak ahok masih harapan terbesar saya #prayforjakarta
342,Non_HS	Tuhan punya rencana yg indah buat Pak Ahok dan Pak Djarot
343,Non_HS	Selamat dan terima kasih banyak untuk pak Ahok dan pak Djarot yg sudah menunjukan bahwa negara ini masih punya orang2 baik
344,Non_HS	Terima kasih pak atas segala kebaikan untuk jakarta yang sudah kalian tancapkan di hati warga jakarta
345,Non_HS	Pasti bapak anies sandi kemungkinan besar menang
346,"Non_HS	""Terima kasih. Kepada pendukung kami, percayalah... Tuhan tahu yang terbaik. #JakartaPunyaSemua"""
347,Non_HS	Gubernur dan wakil gubernur terbaik yang pernah jakarta miliki.
348,"Non_HS	""RT @triwul82: Jelang Akhir Masa Tugas, Plt Gubernur DKI Akui Kinerja Ahok https:\/\/t.co\/04ihgI5cwZ"""
349,Non_HS	RT @Wolfcrime: Pendukung yang Telah Dibaiat tapi Tak Pilih Agus-Sylvi Akan Terima Risikonya
350,Non_HS	Mutiara tetap mutiara Pak Ahok Djarot. Tuhan pny rencana yg lebih dahsyat utk Bapak ber2 utk Indonesia. Maju terus.
351,Non_HS	Tuhan percayakan hal yang lebih Besar lagi kepada Pak Ahok selain hanya menjadi Gubernur Dki jakarta.
352,Non_HS	I LOVE YOU PAK AHOK.AKU HANYA BISA BERDOA SEMOGA TUHAN MEMBERKATI. SALAM 2 JARI UNTUK PA AHOK I LOVE YOU
353,Non_HS	Survei Terbaru: Anies-Sandi Melejit Jauh Tinggalkan Ahok-Djarot https:\/\/t.co\/2IHhuzPsbF
354,Non_HS	Aku akui pak ahok itu tangguh sekali dan apa adanya
355,Non_HS	saya selalu mendukung dan berdoa untukmu ahokdjarot terimakasih
356,Non_HS	Meski Badjï¿½ tak lagi menjadi pelayan rakyat...kami selalu berdoa terbaik buat Badja. Kami bangga pernah memiliki kalian.
357,Non_HS	Mudah2han pak ahok jadi nomor satu di Indonesia
358,Non_HS	TPS Paslon Pilkada DKI Akan Dijaga Ketat
359,Non_HS	saya bukan penduduk jakarta. tapi saya kagum pada sosok ahok dan jarot.allah memang punya rencana lain.selamat pada beliau
360,Non_HS	Pak anies tolong bongkar lagi masjid yg di bangun pak ahok di daan mogot
361,Non_HS	Yang blm pada move on mending bsk piknik aja mumpung long weekend hehehe
362,Non_HS	Semoga bapak bisa meneladani sosok bang yos gubernur jakarta yang sangat cinta @persijajkt
363,"Non_HS	""Pemimpin yg baik pemimpin yg mengerti akan jiwa pemuda, lanjutkan pak @aniesbaswedan"""
364,Non_HS	kami disini mendulungmu untuk jakarta yg maju bukan hanya ekonomi nya tapi juga prestasi sepakbola nya
365,"Non_HS	""Negara kita negara BHINEKA TUNGGAL IKA. jadi ga liat pemimpin dengan agama ,ras ,budaya"""
366,Non_HS	pak @aniesbaswedan kami disini mendulungmu untuk jakarta yg maju bukan hanya ekonomi nya tapi juga prestasi sepakbola nya
367,Non_HS	Gw yakin suatu saat pasti Pak @basuki_btp akan ada patungnya sebagai tanda jasa entah itu di indo atau di madame tussaud.
368,"Non_HS	""Doa itu sebaiknya yg baik2. Karena Tuhan juga baik. Klo doa jelek jahat, akan berbalik ke diri yg mendoakan loh"""
369,"Non_HS	""#badja Jakarta tidak butuh kalian lagi, tapi Indonesia menunggu untuk pengabdian kalian."""
370,"Non_HS	""Artikel saya untuk Mas @pandji. Dari reklamasi, penggusuran, DP 0 Rupiah, OKE OCE, hingga """"figur pemersatu""""."""
371,"Non_HS	""#BesokGueAhok Karena Terbukti Dan Teruji Dari Segi Kerjanya,Ahok Untuk DKI Jakarta Lebih Baik Kemudian #TetapAhok"""
372,"Non_HS	""ga tinggal di Jakarta sih, tp 1 rumah ngotot banget dukung Pak @basuki_btp!"""
373,Non_HS	Semangat Pilkada! Untukmu pilihanmu dan untukku pilihanku #tetapahok
374,"Non_HS	""Tapi perbedaan vital di reklamasi sama perumahan, justru gak bisa berkutik sama sekali."""
375,"Non_HS	""Sabar dulu jgn tergesa2 nagih, beliau belum dilantik baru bulan Oktober nanti."""
376,Non_HS	Pak @aniesbaswedan knpa ngga mampir dulu ke tempat saya. Orangtua saya ngefans bgt
377,Non_HS	Semoga @persijajkt lebih maju dengan adanya gubernur era baru.
378,Non_HS	Tetap di masyarakat jakarta dan selalu membuat jakarta lebih baik.Dan hasilnya pun sudah terbukti
379,Non_HS	saya sebagai masyarakat jakarta salut terhadap kepemimpinan pak ahok.
380,Non_HS	Semua sayang ahok. Saya berharap ahok bisa jadi presiden selanjutnya bersama pak jokowi.
381,Non_HS	Bukan lagi milik jakarta lagi ahok tapi milik kita untuk membangun jakarta lebih baik
382,"Non_HS	""Pak Ahok, jadi cagub di Bekasi aja ya pak... Bekasi mau dipimpin orang seperti bapak, biar ada perubahan lebih baik @basukibtp"""
383,Non_HS	Kekalahan Ahok adalah kemunduran peradaban di Indonesia. Selamat datang radikalisme. Akal sehat sudah tidak ada dinegara ini.
384,"Non_HS	""Semangat pak ahok , bapak sudah berjuang sekuat tenaga dan sudah berusaha melakukan yang terbaik, terima kasih pak"""
385,Non_HS	Terima Kasih pak sudah mengabdi dijakarta dengan segudang permintaan warga.
386,"Non_HS	""Mungkin ada kata kata yang menyakitkan ya pak, tapi semoga itu menjadi semangat untuk bapak kedepannya."""
387,Non_HS	Walaupun bapak tidak menang. Tapi saya menikmati kerja keras bapak selama menjabat. Terima kasih untuk bapak ahok.
388,Non_HS	miris ya pak ahok...sukses slalu buat my idola pak ahok
389,"Non_HS	""Gue lebih suka Ahok bantuin Jokowi ngurusin Indonesia agar lebih cepet maju, bukan hanya Jakarta."""
390,"Non_HS	""Pak kok saya pngn peluk bapak sambil bilang """" pak tetap semangat ya, saya selalu mendoakan yg terbaik untuk bapak"""""""
391,Non_HS	aya bukan warga jakarta tp saya sering ke jakarta.....saya bangga jakarta pernah di pegang bapak. Jadi rapih pak sekarang.....
392,Non_HS	Maka seyogyanya pilihanku #TetapAhok karna terlihat pencerahan pd sistem birokrasi.
393,Non_HS	Pak ahok tetap menjadi gubenur dihatiku ....
394,Non_HS	Dari lahir di Jakarta sampe detik ini baru gue liat kali & pintu air Manggarai bersih dari sampah ya pas jaman Jokowi sampe Ahok. #TetapAhok
395,Non_HS	Gpp kalah. mungkin belom rejekinya ya pak. Bagi kami bapak tetap pemimpin yang jujur. Tetap berkarya nyata
396,"Non_HS	""Selama 20 tahun tinggal di Jakarta, baru 5 tahun terakhir benar-benar terasa perubahan dan sadar kalau itu akitbat gubernurnya."""
397,Non_HS	Aku cinta Pak Ahok. Terimakasih ya Pak atas jasa-jasa dan kerja nyatanya selama 5 tahun terakhir.
398,Non_HS	Tetap semangat pak ahok.... terimakasih atas semua yg anda berikan untuk jakarta. sukses selalu buat pak ahok.
399,Non_HS	Pak ahok kita tetap mendukung apapun yang terjadi
400,Non_HS	Terima kasih banyak buat kinerja keras dari Pak Ahok dan team selama memimpin DKI Jakarta. Tetap semangat selalu Pak. God Bless Bapak & Famil
401,"Non_HS	""Bapak ahok sosok yang saya banggakan, terimakasih pak sudah merubah jakarta."""
402,"Non_HS	""semoga pak ahok selalu dlm lindungan tuhan, saya sayang sama pak ahok, pak ahok orang baik."""
403,Non_HS	Terima kasih pak Basuki. Sampai kapan pun sejarah akan mencatat bapak membawa perubahan bagi kami warga jakarta
404,"Non_HS	""Lanjutkan perjuangan Pak, Bapak orang baik pasti ditempatkan di tempat yg lebih baik juga."""
405,Non_HS	Kau lah yang terhebat.. Karna kau lah kami mendapat inspirasi dan pengalaman yang sangat berharga.
406,Non_HS	Buat Pak Ahok tetap berkarya pak. Masih ada kesempatan lebih baik di 2019
407,Non_HS	Pak saya setuju kalo pak jadi gubenur karena kerja pak sangat bagus kerena kerja pak basuki tegas keluarga kami mendukung pak basuki
408,Non_HS	Bapak tetap yg terbaik untuk jakarta..terima kasih pak untuk semua yg bapak kerjakan selama ini semoga Allah selalu meridhoi bapak dalam seti
409,Non_HS	jabatan bukan hal penting yg terpenting bapak tetap orang terhebat di jakarta tentang kerja keras Pak Ahok..sekali lagi terima kasih Pak Ahok
410,Non_HS	Pak Ahok....walau saya bukan warga DKI....saya sangat sedih bapak tidak terpilih lg jd Gubenur DKI.....
411,Non_HS	Hanya bpk lah gubernur satu satunya yg bisa membawa perubahan di Jakarta...semangat pak...
412,"Non_HS	""Pak ahok, saya mempunyai ibu, ibu saya selalu mendoakan pak ahok setiap waktu dan setiap pagi jam 3 ibu saya sebenarnya kecewa dengan hasil"
413,"Non_HS	""tapi kalah menang itu biasa. kekuasaan ada di tangan tuhan, asal bapak ahok tidak menjual iman pak ahok dengan jabatan"""
414,Non_HS	Terimakasih banyak pak ahok dan djarot untuk kerja tulus dan kerasnya untuk Jakarta..
415,Non_HS	Media Asing Menyorot Hasil Pilkada Jakarta
416,Non_HS	Ahok Banyak Belajar di Pilkada DKI
417,Non_HS	Ini Pelajaran yang Dipetik Ahok dari Pilkada DKI
418,Non_HS	Ahok: Lupakan Semua Masalah Kampanye dan Pilkada
419,Non_HS	Presiden Percaya Pilkada DKI Hasilkan Pemimpin Terbaik
420,Non_HS	Kapolri Pastikan Pilkada DKI Berjalan Lancar dan Sejuk
421,Non_HS	Pengamat: Pilkada DKI Panas Karena Parpol Sulit Disiplinkan Massa
422,Non_HS	Parpol Pendukung Ahok-Djarot Komitmen Jaga Pilkada Damai
423,"Non_HS	""Amankan Pilkada DKI, Polisi Terapkan Dua Sistem Pengamanan"""
424,Non_HS	Tiga Instansi Keluarkan Maklumat Larangan Mobilisasi Massa di Pilkada DKI
425,Non_HS	TERNYATA BAJU YANG DIPAKAI AHOK DI DEBAT PILKADA YG SAYA TONTON MELALUI METRO TV SAMA DENGAN YANG DI TV ONE. BARUSAN SAYA CEK
426,"Non_HS	""Sebagai warga negara yang baik, lo wajib ikut mensukseskan Pilkada Jakarta 2017. Temukan performa berbeda Debat Pilkada pukul 7"""
427,Non_HS	Debat Terakhir Menentukan Elektabilitas di Pilkada DKI Putaran Kedua
428,Non_HS	Terima kasih bapak ahok dengan jasa2 bapak selalu membangun jakarta lebih baik lagi
429,Non_HS	Salut banget sm pak ahok.. benar2 berjiwa kesatria.. langsung mengucapkan selamat ke pasangan anis dan sandi..
430,Non_HS	keluarga sudah ke menggunakan hak pilihnya pagi ini. Jangan lupa bagi warga Jakarta untuk datang ke TPS sebelum jam 1 siang!
431,Non_HS	Terima kasih telah membuat Jakarta menjadi lebih baik pak... Tetap semangat!
432,"Non_HS	""Pada akhirnya, orang jahat akan jatuh, dan orang baik, akan dibangkitkan!"""
433,"Non_HS	""Meski dijatuhkan berkali2, Tuhan akan selalu mengangkat yg benar"""
434,Non_HS	Rencana Bapak yang di surga itu lebih indah yangg kita inginkan bapak ahok tetap semangat ya pak
435,Non_HS	Pak Basuki dan Pak Djarot tetap kuat didalam iman dan pengharapan...
436,Non_HS	Yakin bahwa ini bukan jalan yang terbaik untuk anda dari hanya sekedar Gubernur dan Wakil gubernur DKI..
437,Non_HS	Masyarakat Indonesia khusus DKI melihat pemimpin itu bukan dilihat hasil kerjanya
438,Non_HS	Kami sebagai rakyat indonesia yang bukan berasal dari DKI turut mendoakan semoga pak Basuki dan pak Djarot tidak pernah lelah melayani kami d
439,"Non_HS	""jangan padam untuk kemanusiaan ya pak, saya mengenang semua hal manis yg telah bapak perjuangkan"""
440,Non_HS	Saya doakan pak ahok dan tamengnya tidak kejang2
441,Non_HS	Tetap semangat pak. Ahok.. Aku selalu dukung pak ahok djarot.
442,Non_HS	Pemenang Debat Pilkada DKI malam ini adalah...... IRA KOESNO!!!
443,"Non_HS	""Selamat buat pasangan no 3, Anies-Sandi pemenang versi Quick Count... Terima kasih buat Ahok-Djarot atas kerja luar biasa untuk Jakarta..."""
444,Non_HS	Semangat pak ahok walaupun saya warga bandung tapi saya yakin pak ahok yg jadi juara...
445,"Non_HS	""yg jelas, kerja keras, pasti, dan jujur tetap pak ahok."""
446,"Non_HS	""Maaf pak saya tidak bisa ikutan nyoblos, KTP saya jakarta, tapi saya skrg tinggal bandung, saya hanya bisa berdoa"""
447,"Non_HS	""semoga ahokdjarot bisa terus melanjutkan visi misi nya untuk membangun kota Jakarta, agar lebih rapih bersih dan nyaman"""
448,Non_HS	Dalam nama Tuhan Untuk jakarta yg lebih baik
449,Non_HS	semagat buat pak Anies semoga selalu dalam rahmat tuhan YME
450,Non_HS	semua warga DKI gunakan hak pilihmu....jangan takut kita smua warga yg punya hak dan sehat lahir batin
451,Non_HS	semoga Tuhan memberikan seluruh masyarakat DKI jakarta keadilan sesuai pemimpin yg benar2 demi rakyat Amin.
452,Non_HS	Eks Pendukung Agus-Sylvi di Jakarta Timur Deklarasikan Dukungan Untuk Ahok-Djarot
453,"HS	""Ini pasti salah Jokowi, Ahok dan kafir-kafir ateis. https:\/\/t.co\/v2GRcUeStI"""
454,HS	@fahmiabuazzam1 biar aja biar tai nya kena bapak lo itu ya. Loh tuh kan gak suka sm ahok jadi biar loh sm bpk loh sm ibu loh kena tai nya.
455,HS	RT @BungWinar: Angin memporakporandakan basis pemenangan Si Penista Agama...Cililitan.\nYa Alloh Ampuni Kami\n#JakartaBanjir
456,"HS	""RT @Lupuz0503: Prestasi Ahok, \nSelain mjadi mafia koruptor n penista agama, dirinya bhasil tenggelamkan JKT MELALUI congoran CEBON"""
457,HS	Ulama Kompak Nyatakan #HaramPemimpinKafir Pilih Ahok = Murtad!
458,HS	KAU PENDIKAN TINGGI TAPI BODOH....GK ADA LARANG BAWA AGAMA..BIAR ORANG ISLAM YG DI BAYAR AHOK SADAR GK JADI MILIH AHOK GLA
459,HS	@indopoints di tanah abang cina udah mulai resah dan stres gara2 si penista agama dan pilkada pasar jd sepi. Sepi sampai 2 minggu lg ha. ha
460,HS	@investigator_RI betul dan semua pihak yg menentang si cina kafir ahok akan di kriminalisasi oleh polisi dgn smua rekayasa hukum nya
461,HS	@YohanesTarigan9 saya ga habis pikir kenapa fanboy ahok bego bego ya pada ga ngerti sejarah. Gampang kejebak iklan. Maaf ya.
462,HS	@Zufrianto3 lebih baik pilih ahok drpd pilih yg se iman tp koruptor dn munafik !! Bodoh kau
463,HS	Ahok si penghina Al - Qur'an dan Ulama ini selalu bersikap menjijikkan yaitu sok suci dan merasa paling benar https:\/\/t.co\/bTkCeTNk0g
464,"HS	""Ayo umat Islam yg pinter, jgn percaya klo aksi 112 tdk ada hubungannya dgn pilkada, pihak AHY yg bayar anies yg untung \ud83d\ude01"""
465,HS	#DebatFinalPilkadaJKT mampuuuusssssss mpoK Silvy!!!!
466,HS	Hidup china komunis ! https:\/\/t.co\/b1RheVKrXl
467,HS	Ini tuh kesalahan Jokowi dan Ahok si babi ateis. https:\/\/t.co\/v2GRcUeStI
468,HS	Kalo ahok menang pilkada bikin video sex bareng anaknya dong tan.? https:\/\/t.co\/7msmThwwLK
469,HS	Keluarga Besar Kami Yang Berdomisili di Jakarta TIDAK PILIH AHOK!! https:\/\/t.co\/GZKZFTpvCw Suara Ulama Bulat! #HaramPilihAhok #JanganGolput
470,HS	ketutunan cina dari luar kota dan pulau mulai kejakarta mau coblos ahok dengan KTP aspal dari kamboja
471,HS	RT @indopoints: china babi... china maling...\n#UsirChina https:\/\/t.co\/9y4HIWHJp2
472,HS	RT @mosangada72: Masih mau memilih Agus-Sylvi???\nAnaknya SBY dan Keluarga Koruptor\n#BlusukanAhok\n#BerjamaahCoblosPecinya\u2026
473,HS	tangkap ahok dan klompok nya yg melakukan pemalsuan e KTP karna merupakan penghiyanat bagi bangsa dan negara
474,"HS	""Tangkap Ahok Sekarang Juga, Share Jika Setuju !!!"""
475,"HS	""Sayang sekali Bangsa ini Paling jago kalau merasa-rasa. Yg mendukung Pak Ahok merasa paling benar, yg mendukung Mas Anies merasa paling suci"""
476,HS	Video Ahok Menghina Agama Kristen Agama Konyol #AhokPecahBelahBangsa
477,"HS	""Bukan Hanya Penista Agama, Bagi JPU Ahok Pemecah Belah Bangsa https:\/\/t.co\/6qkIFCjqhq"""
478,HS	Mbak Sylviana please Anda sehat? #DebatFinalPilkadaJKT #perjuanganbelumselesai
479,HS	Nomor 1 sok tau lagi lansung di skak wkwkwk #DebatFinalPilkadaJKT
480,HS	RT @Gemacan70: Ayoo jaga keutuhan NKRI!!! Tangkap Penista Agama!!! #StopKriminalisasiUlama https:\/\/t.co\/dxIDQ4ZQHV
481,"HS	""@Lupuz0503: Terlihat salah satu pendukung mafia koruptor dan penista agama, para gerombolan BANCI TITOT lakukan bidikan ke arah"""
482,HS	tobat yuk sebelum terlambat. biar gerombolan JIL aja yg kita doakan konsisten bela kekafiran hingga akhir hayat https:\/\/t.co\/979uJ6ItrM
483,"HS	""RT @UstadTengku: Ya Allah Jika Mereka Menempuh Cara2 Curang utk Memenangkan Si Penista Agama, Engkau Kirimkanlah MALAIKAT MAUT Utk menyeles\u202"
484,HS	;Kebanyakan fitnah nih mpok silvy #DebatFinalPilkadaJKT #Gue2
485,"HS	""FPI: Pendukung Ahok kalah jumlah, dengan izin Allah kita gusur Gubernur koruptor dan penista agama https:\/\/t.co\/Jp7pGLRGiE"""
486,HS	#JakartaBanjir Pemimpinnya gak punya akhlak yg baik... PENISTA AGAMA. https:\/\/t.co\/PNEGDJMPCH
487,"HS	""RT @felixsiauw: tapi twit begini asik lo, kita jadi tau yang mana akun-akun pro-penista agama, akun-akun buzzer yang kerjanya menghujat :)"""
488,HS	@DivHumasHansip: ahoker siap bela penista agama https:\/\/t.co\/HxuU4rUDFX\
489,HS	RT @alwinazar24: sepertinya CUCUnya DAJJAL telah hadir
490,"HS	""Mereka Siang MALAM Maki2 Ulama Kita, Nongkrongi Medsos Ulama2\nBela PENISTA Agama yg SOMBONGNYA Minta AMPUN."""
491,HS	RT @Jhonkosmik: Ada apa dengan mayoritas etnis China di DKI?\nMengapa begitu solid mendukung penista agama Islam?\n\nDendam?\nTidak nasionalis?
492,HS	Mukanya mpo Silvy Asem bangett ngakak kena deh abis jahat sih #DebatFinalPilkadaJKT
493,HS	RT @GodinJ760478: @tempodotco gara2 belain terdakwa penista agama jadi remek semua. Sukurin
494,"HS	""RT @Chaeruddin_B: Sekumpulan Teman Penista Agama\nTdk ada empati buat korban banjir, hanya koar2 memuji junjunganya https:\/\/t.co\/XQFktDG74x"""
495,HS	RT @TerorisSocmed: PENJARAKAN PENISTA AGAMA !!! ATAU @jokowi TURUN !!! https:\/\/t.co\/vqH0TNXaRz
496,"HS	""Si penista agama, Jaga mulut aja gabisa apalagi jaga jkt?"""
497,HS	Ahok : program paslon no. 1 ini programnya ngambang | yaiyalah pakkk gak ada program diaa cma ada celaan #DebatFinalPilkadaJKT
498,HS	Akui saja Ahok dan Djarot kalian gagal atasi banjir.Orang kena banjir anda sibuk sidang kasus penista agama
499,HS	RT @87_julay: Iyaa... Ahog Ngak pantes jadi pemimpin.. Pantesnya penista agama dipenjarakan!!! https:\/\/t.co\/YhhO40QWXS
500,HS	RT @wongawas: Overdosis @Metro_TV membela penista agama. https:\/\/t.co\/i84RARpy5w
501,"HS	""Kaga masuk diakal kite kalo suara seorang penista agama yg dah dikutuk ame umat islam suara nye bisa tinggi, emang sengaja ditinggiin tuh"""
502,HS	RT @andreobz: Pantasan di pecat dr menteri...data2 aj ngawur dan memkasakan betul..hahaha #AhokPastiTumbang #paslon3 #pilgubdki
503,HS	RT @BangsaPenguasa: Penjarakan ahoax penista agama atau jokowi turun.#KonsolidasiDewanPKB https:\/\/t.co\/XoW5eakIsk
504,"HS	""Napa dibiarin tim si penista agama maen curang maren, emang sengaja dibiarin biar ntar digaplok umat islam rame2 se jakarta tuh penista"""
505,HS	Hahahahhahaa silvy ohh silvy cacingan amat loe ahhh wkwkwkwkwkk #DebatFinalPilkadaJKT
506,"HS	""RT @Rakyat_Angin: Ahok Taik. \""""MENFITNAH\"""". Emang lu tukang caci maki perempuannn!! Asuuu #AhokPastiTumbang #DebatFinalPilkadaJKT"""
507,HS	RT @HasanArisandi: #AhokPastiTumbang fakta di bilang fitnah\n#DebatFinalPilkadaJKT
508,"HS	""Shame on you silvy !! Ga malu fitnah?? Tuh rasain pak ahok panas, skak mat #DebatFinalPilkadaJKT"""
509,HS	Bu silvi anti pns level rendah katanya #DebatFinalPilkadaJKT
510,HS	RT @AnnisaFYtr: Hanya Orang Islam Yang Bodoh dan Goblok Yang Memilik Ahok! #DebatFinalPilkadaJKT
511,"HS	""@DivHumasHansip: fitnah FPI pecah adalah ulah ahoker yg melihat elektabilitas ahok tinggal 10%,mereka kelojotan melihat MUI+NU+Muhammadi"""
512,HS	Norak banget iklan mantan mendikbud @aniesbaswedan ini. Tambah gak respech.. inilah tenun kebangsaan yg dia maksud.\u2026 https:\/\/t.co\/Ux7HEYk
513,"HS	""RT @DivHumasHansip: yg nebar kebencian itu ahok mbak,masa mbak gak tau sih sampai dia jadi terdakwa loh @AnizzahGedrun"""
514,HS	pertanyaan dari Bu Sylvi gak mutu amat. #DebatFinalPilkadaJKT
515,HS	Huuu sylvi tak tahu apa-apa asal ngoceh #NobarAhokDjarot #DebatFinalPilkadaJKT
516,HS	Sylvi keliatan bloonnya #DebatFinalPilkadaJKT
517,HS	RT @WanitaRevolusi: Ahoax penista agama kembali mengolok olok surat AL-MAIDAH 51. Cc @Dahnilanzar
518,HS	#JakartaBanjir Pemimpinnya gak punya akhlak yg baik... PENISTA AGAMA.
519,HS	#DebatFinalPilkadaJKT mati kau hok
520,HS	Yg ga punya program bisanya cuma fitnah. Ciri Orang yg demen ngambil kjp kontan #DebatFinalPilkadaJKT
521,HS	Mpok silvi nyinyir melulu pertanyaan nya tapi sayang sesat! Maklum sih dese emakemak! #DebatFinalDKI #DebatFinalPilkadaJKT
522,HS	RT @bajigurceleng: @jpnncom hahaha jelas2 buat pilkada dasar polisi made in cina pelindung penista agama
523,HS	Kurangnya pemberdayaan wanita DKI Jakarta bisa dilihat dari telaknya perbedaan warna muka dan warna tangan mpok sylvi #DebatFinalPilkadaJKT
524,HS	Agus silvy Tukang Fitnah #DebatFinalPilkadaJKT
525,HS	#DebatFinalPilkadaJKT yaudah gus sini kalo ga sakit secara fisik daripada verbal gw gebukin lo rame2
526,HS	Keluarga kita gak ada yg maling coyy gak perlu trauma kaleeeee emang kluarga ente?
527,HS	JG KAITKAN JOKOWI DENGAN AHOK KATA JOHAN BUDI. KATA KAMI. SEBAB JOKOWI ANJING. SEDANGKAN AHOK BABI. YA JELAS BERBEDA. WALAUPUN OTAKNYA SAMA
528,HS	Bajingan lu silvy #DebatFinalPilkadaJKT
529,"HS	""Hasil Akhir, Menyatakan @jokowi Melindungi Ahok TERDAKWA PENISTA AGAMA !!!"""
530,HS	RT @SiBonekaKayu: Selepas banjir Jakarta 212 Pendukung Ahok mengganti narasi doa. Semua demi keuntungan Sang Penista Agama
531,HS	Tionghoa katanya kaya? Kok pada putus sekolah? Kebanyakan dugem?
532,HS	Gusur Ahok demi Indonesia. Teladan buruk pembangkangan hukum dan anti kemanusiaan di Jakarta jgn tertular ke daerah. #CoblosPecinya
533,"HS	""BUAT AHOKER YANG TAKUT MATINYA GG DISHOLATIN , TENANG ADA ABU JANDA UST GADUNGAN YG SIAP SHOLATIN AHOKER & JOKOWER"""
534,HS	Mampuuss ! Di tembak dalem banget silvyy .. lo urusin tuh dapurr ! Gak punya program demennya nyerang terus !!! #gue2 #DebatFinalPilkadaJKT
535,HS	Anjir baru kali ini lihat orang bego mau debat pilkada. Kerjanya nyerang karakter. Shame on you mpok silvy and agus. #DebatFinalPilkadaJKT
536,HS	Uang Taipan tuh. Nanti dibayar dengan ratusan penggusuran biadab oleh Ahok.
537,HS	CINA ASU https:\/\/t.co\/zM1BsjAIHA
538,"HS	""Ketika ngomong, Sylvi keliatan oke. Tapi begitu didebat Ahok, Sylvi langsung kekuatan goblok."""
539,"HS	""Jangankan Banjir, Tuhan aja Dilawan Sama Ahok #JakartaBanjir Tapi Jakarta hari Ini Bukan Banjir, Hanya GENANGAN."""
540,HS	ADA PEMIMPIM PRIBUMI knp pilih PEMIMPIN IMPOR yg g BERADAB tukang BERBOHONG yuk PRIBUMIKAN DKI milik BANGSA IND @Gemacan70 @TerorisSocmed
541,HS	Karna dia ga punya program hanya modal bacot doang
542,HS	Pendukung berarti dia bagian dr penista agama tersebut!!! Dukung gerakan ini 100%
543,HS	Narkoba yg paling berbahaya adalah ILUSI KESUCIAN AHOK SANG PENISTA.
544,HS	@tribunnews emang ahok siapa?? Orang penting?? Dia hanya penista agama!!
545,HS	cina mah duitnya dari hasil maling di Indonesia di balikin lgi berkedok invest plus bawa gembel2 & napi dari Cina negeri nenek moyang ahok
546,"HS	""Tangkap Ahok @basuki_btp skrng juga, koruptor reklamasi Jakarta dan penista Agama Islam."""
547,HS	keliatan banget bego nya mpok silvy and agus. #DebatFinalPilkadaJKT
548,"HS	""Yg Ahokers, Klo gak seneng ama cuitan gw silahkan unfollow krn gw Anti AHOK (Si Penista Agama Islam)"""
549,HS	AGAMA DI NISTAKAN! ULAMA DI LECEHKAN!! Ini Alasannya #HaramPemimpinKafir
550,HS	RT @FredyBastian3: Cara serang Ahok : Kafir galak
551,HS	@umnia77 @ruhutsitompul @sahal_as anjing2 ahok.kaum babi lo bnyk bacot.mnding duel sma gw.
552,HS	Ahok memang verbalnya keras. Pelampiasan dan pelarian karena kelelakiannya lunak.
553,"HS	""yg maling itu kan china2 babi BLBI , korupsi nya triliunan , termasuk si AHok korupsi 2 triliun.."""
554,HS	Mimpi djan farid jakarta lebih islami dari aceh jika ahok terpilih itu ibarat babi merindukan halal
555,HS	@KompasTV @ridwankamil ridwal kamil memang hebat dan top nggak kaya ahok tukang penista agama dan koruptor
556,HS	@TPK_RI ITULAH si ahok kutil babi
557,HS	Dasar si Kutil babi ahok memang Tukang Bohong. selain Bohong ahok jg biasa Menyalahkan yg lain menutupi Kegagalan nya . contoh soal banjir
558,HS	@PonkEcha @Fahrihamzah Si Terdakwa Penista Agama Alias Si Ahok Babi Jamban tuh yang Morfotin Uang Rakyat Jakarta
559,"HS	""Om...Ahoknya...Mana Om,Katanya Si BABi Ahok Bisa Ngatasi Banjir...Om...BABi Jgn Membual Om...?!!?"""
560,HS	kenapa anak babi jalan nya nunduk???karena malu liat ulah bapak nya yang ngebelain ahok..
561,HS	Perilaku Si BABI @jokoanwar ini memang benci dgn hal berbau Islam. Cocok dgn Ahok. @SiBonekaKayu
562,HS	@budimandjatmiko ahok si kutil babi kembali ke rumah lembang kenapa jakarta jadi banjir bud?
563,"HS	""#jujur orang cerdas dan pintar pilih orang imam dan mampu memimpin ..bisa sholat...bisa ngaji..santun, sopan..tidak seperti babi kafir ahok"""
564,HS	Teman Ahok emank TAI. apalagi pemimpinnya kek BABI! @temanahok
565,"HS	""Mana para babi ahok yg ngejek onta, biar di injek2 ama onta"""
566,HS	@gotcancer2 bukannya stigma babi itu milik tuhan elu si ahok kafir
567,HS	Kampungan ya pendukung AHY https:\/\/t.co\/GmezpOYLsY
568,"HS	""@Ananda_harahaP udah lu jgn panik gitu. ahok si kutil babi bakal tumbang kok di putaran kedua. teruskan cuapcuap mu di sosmed, gak ngaruh."""
569,"HS	""ahok tidak layak seperti manusia, dia lebih tepat seperti babi yg tidak punya akal pikiran dan jiwa manusiawi"""
570,HS	@haloJakarta Ahok (BTP) Basuki Tai Babi
571,"HS	""RT @diyahaudya: @yusuf_dumdum Yg ada, cacimaki penista agama tapi ternyata ketauan poligami ngumpet2. Apa mau digituin? Saya sih ogah."""
572,"HS	""@adichandramang2 @CummaRachel @korban_gusur iya , trump memang penista agama atau anti islam emang hubungannya dgn anis apa?"""
573,HS	@adichandramang2\nAda aseng KOPLO pembela si PENISTA AGAMA yg durjana nyuruh org lain ngaji!
574,"HS	""@bayprio Itulah kebodohan para penista agama, sudah saatnya pilih pemimpin yg mengerjakan shalat 5 waktu"""
575,HS	@iwanfals pilih Anis sandi doong..jgn pilih si penista agama pemecah NKRI
576,"HS	""@posmetroinfo Emang terdakwa penista agama, salahnya dimana coba, kl yg biasa bikin hoax metrotipu aman2 aja tuh dewan peres"""
577,HS	@RamadanMalka Pamor RK jadi seakan tak ada artinya jika parpol pengusungnya pendukung penista agama...
578,HS	@RestySeterah si ahok pantasnya dinobatkan sbgai Babi ngepret
579,"HS	""@roninpribumi @dewanpers yg salah itu mereka menulis TERDAKWA PENISTA AGAMA,coba klo ditulis BAGINDA YANG MULIA pasti ga masalah..cuih.."""
580,HS	Faktanya Cina2 parasit tuh ngotot belain si penista Agama @PradanaBhakti @IrianaPasirua @PutraSumedang18 @khoirulilham12 @ronavioleta
581,HS	jokowi ratu adil apaan..??? dia ga ada keturunan darah biruadanya DARAH KOTOR cina babi..!!! https://t.co/JtwFRRdLF4
582,HS	RT @RestySeterah: Keren nih apps kawal TPS .. Yuk gabung buat pastikan cagub terdakwa penista Agama lebih cepat diantar kehabitatnya
583,"HS	""Kalau lo gak tau apa-apa ya jangan berkoar sembarangan dong, keliatan banget kalau lo itu beneran bego :)) #FuckYou"""
584,HS	@AHMADDHANIPRAST ahmad dhani yang terhormat paling babi paling anjing aing kontol paling lonte tungu saat nya karier mu akan habis!!!!
585,"HS	""Kang @ridwankamil ,fakta hari ini,partai pendukung si penista agama sangat dibenci rakyat,termasuk rakyat Jabar. https://t.co/b2WetyvrbZ"""
586,"HS	""plis jangan sok kecantikan selalu pacarin artis2 yang lagi meletek, jijik gw liatnya"""
587,"HS	""paling mau muntah liat lagak nya @AHMADDHANIPRAST, jadi orang sok iye banget hoek"""
588,HS	@Metro_TV kalau boleh saya ngomong ingin saya katakan ahmad dhani monyet babi anjing. tapi itu tidak boleh
589,"HS	""perempuan kaya lo mending mati aja deh, jelek aja, gausa sok jadi make up artist!"""
590,"HS	""ahmad dhani itu borok, sampah, babi, anjing. Saya adalah orang pertama yg sangat muak liat muka dhani dan saya berbangga."""
591,HS	Lah emang sdh jelas2 si ahok terdakwa penista agama. Malu woy! https://t.co/2K0HlMpR9t
592,"HS	""Keputusan ERKA hari ini harus kita HORMATI, begitupun sebaliknya KAMI tidak akan memilih partai pendukung PENISTA AGAMA."""
593,HS	Lupakan @ridwankamil biarkan karam dg kapal munafiknya. kita bangun jabar dg kapal yg bersih. Delete partai pendukung penista agama dari hati
594,HS	Masalah dunia dan masalah nafsu ya kang @ridwankamil . Kata2 kok bersayap kayak burung hantu. https://t.co/mwClbkU4sT
595,HS	Penista Agama menjadi Santri Kehormatan.Yang kasih ini ke ahok otaknya perlu direparasi.Demi Pulkada nama Santri yg baik kailan jual belikan
596,"HS	""Payah banget @ridwankamil maju Jabar1 pakai partai Nasdem pendukung penista agama, ente lagi butuh uang ya kang? Payah loe!!"""
597,"HS	""polisi yg jadi imam sholat ini adalah seorang penista agama, bodoh, BERISLAM cuma ikut2an. COPOT KAPOLRES JAKBAR !! https://t.co/s2h2Ybrthm"""
598,"HS	""RT @ferdyfrodoo: @bayprio Itulah kebodohan para penista agama, sudah saatnya pilih pemimpin yg mengerjakan shalat 5 waktu"""
599,"HS	""RT @Ra_Ria_Rana: GAK HABIS PIKIR???\n\nTINGGAL NUNGGU ADZAB ALLAH NIH NEGERI,,,, PEMIMPINNYA SDH DZALIM https://t.co/UmZK4bTyi4"""
600,"HS	""Sini lu, kami enggak mau kampung kami didatangi sama penista agama, https://t.co/1z3MtHs9ck"""
601,"HS	""SETUJU SAYA,KLAU AHOK DAPAT GELAR SANTRI KEHORMATAN.... TAPI SANTRI KEHORMATAN BABI.... https://t.co/uD16d7Gwhd"""
602,HS	Senang dong ada yg fans mati sampai lupa kalau dia bego banget https://t.co/ctJFC5a8Zz
603,HS	@AHMADDHANIPRAST LO TUH BABI ANJING. Mampus kalah jatuh miskin deh #bekasisah
604,HS	@bayprio : Si AHOAK @basuki_btp CINA ANJING KAFIR PENISTA AGAMA ISLAM....!!!
605,"HS	""@AHMADDHANIPRAST aku katakan anjing kpd ahmad dani, boleh....aku katakan babi kpd ahmad dhani, boleh..."""
606,"HS	""@Bisniscom haha memaki untuk melawan mah harus, drpd ditindas pemimpin munafik melindungi penista agama, dll. Agama no 1 (islam), taubat rot"""
607,"HS	""@Anakran63208433 @5ec4a1e80d3c48c @aniesbaswedan pikiran anak bani kampret g beda jauh sma penista agama. Penfitnah, Penipu Dan Garong.."""
608,HS	@Gemacan70 itu yg cewe pake kerudung ngapain ya? Setiap kali konfrensi pers ada aja.. Pencitraan Islami kaliiii... Bwahaha..!!
609,HS	@republikaonline spt ahok dulu .. nasdem disusul dg cs nya .. yg mendukung paslon penista agama dan tukang caci maki tai tai ..
610,HS	@topan_julian1 kalo mecin jangan dijadiin cemilan mangkannya kang. Jadi begonya bego banget.
611,HS	@ulinyusron cm didoain kalau saya mah ketemu si penista agama langsung saya ceburin laut yg direklamasi ijin sembunyi2 buat tumbal reklamasi
612,"HS	""@ymerdeka33 @ach_qodr @basuki_btp cabe2an bisa nya hanya bbm.n facrbook.n!! Masalah politik mana tau doi, tau nya berita2 sampah pencitraan"""
613,HS	INI MANUSIA APA ANJING MATI-MATIAN RELA JADI MURTADZ DEMI BABI AHOK KAFIR. https://t.co/2XXN5CFdVM
614,"HS	""ini semua berawal dari AHOK JAMBAN yg dibela aparat, para kristen serta china kafir yang lain semakin berani menghi https://t.co/qUutkrlsP3"""
615,"HS	""Kami lebih resah anda jd presiden!!!! hidup anda penuh drama dan pencitraan, main FTV aja joko judulnya https://t.co/T2BUgLTnUO"""
616,"HS	""Mana bisa percya lagi,sdgkan induknya penista smp skrg lum ditahan tp malah dibela. https://t.co/Oc1vGdX0Z4"""
617,HS	Mari seluruh Muslim CYBER Army mulai skrg ganti semua sebutan A....K menjadi Terdakwa Penista Agama !
618,"HS	""Orang Islam lebih suka si HOAX penista agama, menjaga lisan dan tindakan dari hal-hal yang merusak hubungan... https://t.co/FLhW31wXdU"""
619,HS	RT @izzah_pandeka: #Nomor2Koruptor negeri para korup diasuh cino babi https://t.co/wJXalyPxPn
620,HS	RT @Gemacan70: Hajar bleh hanya untuk bela #Nomor2Koruptor...cuihhhhhh https://t.co/o4nnZBkNYS
621,HS	RT @korban_gusur: @RakyatBiasa1945 Ada CEBONG GENDHENG NGAMUK2 belain si HOMO PENISTA AGAMA!! HAHAHA @OshMuslim @RebusKentang @m3g4
622,HS	RT @Ustadtengku1: @RizieqSyihabFPI tolol itu banyak yg bela penista agama walau sudah tersangka
623,HS	Orang punya saksi anjing dikasus babi.. Tolol https://t.co/ssePg5FCXm
624,HS	Si Ahok kampret emang gak becus kerja. Pencitraan mlulu tuh si Ahok kampret. https://t.co/yM5ViOFvpc
625,"HS	""Sini lu, kami enggak mau kampung kami didatangi sama penista agama, https://t.co/1z3MtHs9ck"""
626,"HS	""Tanda2 kiamat x yak, masih banyak aja orang muslim yg mengingkari Al-Quran dan pilih Penista Agama. #Nomor2Koruptor #Nomor2Koruptor"""
627,"HS	""#JanganMauDibohongiAhok sebab Ahok Sumber Kekacauan Politik, Ramaikan Aski 313 FIGHT!! https://t.co/WOBxlxvZnx"""
628,HS	#MataNajwaDebatJakarta Anies anda SADIS. Topengmu terbuka lebar malam ini. Biar warga DKI yg menilai...apa yg anda katakan adalah PENGECUT
629,HS	Anies congornya aja gede. Realisasinya gak ada. Janji terus dari awal bisanya paling korupsi. Balik jadi dosen aja bangsat.
630,"HS	""#MataNajwaDebatJakarta Hebatnya, Ahok masih mau salaman loh sm Pak Anies yang Amat terhormat. Idih gw sih ogah."""
631,HS	#MataNajwaDebatJakarta kalau untuk urusan bacot memang anis nya juaranya..memang kita bakal makan bacot di jakarta..haha..paslon yg aneh gede bac
632,HS	#MataNajwaDebatJakarta pak anies banyak omdo dulu waktu jd menteri terobosannya apa?? skrg ngomong ky sok Jago bgt
633,HS	#MataNajwaDebatJakarta si Cina Babi ahok bloon banget. Sok pinter banget lagi. Asal bukan Ahok
634,HS	#MataNajwaDebatJakarta lucu banget jawaban ahok.. gak nyambung. Ditanya apa di jawab apa. Kena skak mat d pertanyaan isu agama tdi. Dasar cina to
635,HS	#MataNajwaDebatJakarta topeng anda hari ini fix terbuka @aniesbaswedan .. anda sama dgn yg mendukung anda.. BAU BUSUK
636,"HS	""#MataNajwaDebatJakarta Pak Anies suka nyinyir, suka memutar balik kan fakta, ga punya program yg jelas bisanya jelekkan kinerja pak Basuki"""
637,HS	Babi... iya memang si Ahok gak jauh kayak Babi..
638,HS	Si tengkuk babi sipit bangke agen dajjal mau jadi onta hahaha. Orang waras juga tau kasus ahok dipaksakan!!
639,HS	itu kan kata ahok kafir..umat islam anti ahok karena ahok itu kafr ditambah ahok itu cina yg suka makan babi & bir
640,"HS	""gw harus bilang Babi Ahok apa dong selain kafir, gw hanya pengen gerombolannyA Babi Ahok merasakan bagaiamana klo di anjing2in, Bangsat2in"""
641,"HS	""sibabi china sangat biadab memperlakukan kaum PRIBUMI, dan para jongon2 spt banser & nu nusantara mendukung ketimpangan ini, biadabnya mrk!"""
642,HS	ahok kafir takut debat dengan rakyat asli pribumi nelayan dan para pakar reklamasi dari rakyat.. ahok kafir bencong
643,HS	nampaknya sudah satu paket penyokong cina babi pasti juga sokong LGBT
644,HS	kebiadaban ahok cina kafir anak2 rakyat kecil pribumi dan ibu2 islam semua digusur dari rumahnya serta kehidupannya
645,"HS	""tim ahok yg otak wc otak tumpul justru anies itu sdh komit sekali dgn pancasila ,ahok kafir sgt tdk bs berpancasila"""
646,"HS	""#MataNajwaDebatJakarta Pak Anies sudah meninggalkan ketenangan dan ketulusannya dalam debat malam ini, mjd agitatif dan licik. semoga kalah kau"
647,"HS	""SELAMA PROSES #SidangAhok WASPADAI ULAMA2 KUBU AHOK..YAKNI ULAMA2 """"MUNAFIK"""" YANG SESAT DAN MENYESATKAN..!!"""
648,HS	anies akan merangkul dua2nya untuk persatuan tidak spt ente dangkal & cekak intelektual hanya jadi budak ahok kafir.
649,"HS	""kebiadaban ahok cina kafir rakyat kecil yg jadi PKL & asongan2 digusur2 dan dianiaya spt teroris, ahok kafir biadab"""
650,HS	RT @LeonartoRabono: tapi kenyataanya jutaan rakyat kecil asli pribumi yg miskin justru semakin dimiskinkan oleh ahok cina kafir....
651,HS	Itulah Indonesia. Yg dibully org yg bener.Yg salah dan binatang2 seperti nomor tiga dibiarin berkeliaran #matanajwadebatjakarta pak an https://t.
652,"HS	""#SidangAhok smg sipenista agama n ateknya matinya tdk wjar n jasadnya tdk dtrma tnh n dia tdk prnh mrs kn sorga,aamiin semoga tuhan setuju"""
653,"HS	""iya,kelasnya penista agama,bs nya cm ngebacot doang yg arogan sk blg taik"""" nenek lu,oh ya sumber waras n nama d kasus E ktp apkabar?skakmat"""
654,HS	Penjarakan semua cina kafir dan ateis! Termasuk Ahok pemimpin babi tukang korupsi!
655,HS	Kampanye rasis ngmg nya pihak ahok yg di untungkan.. Goblok kafir mana ada di untungkan.. Kalau pada di perkosa bunuh lu enak berduit
656,HS	hahaha idiot bilang kpd orang2 kafir terurama para nasrani pendukung2 ahok kafir jangan memasuki wilayah2 syariat islam
657,HS	I HASIL MAKMAK KALIAN JUAL PUKINYA. BAGI KSLIAN YG BERPIHAK KEPADA PKI DAN SI AHOK ANAK CHINA ANJING KAFIR INI. SERTA NKRI BUKAN DIDAPAT
658,"HS	""Tim pendukung sakit jiwa, kehilangan akal sehat & ide #IklanAhokJahat"""
659,HS	#IklanAhokJahat Hati hati Mereka Mulai Prustasi dan Memainkan Cara cara Kasar !! Karena hasil dari berbagai survei si penista agama kalah!!
660,"HS	""HOOKK, masuk gorong"""" aja loe #IklanAhokJahat"""
661,HS	Kayak gini nih kampanye Tim AniesSandiUno ke kampung2 mengintimidasi masyarakat. Kampungan ye? #ASUtenan
662,HS	SI KUTIL BABI TELAH MELECEHKAN PRIBUMI DAN UMAT ISLAM #IklanAhokJahat
663,HS	NGOMONG AJA ENTE SAMA KACA! MEMECAH BELAH KERUKUNAN LAGI HOK ENTE BISANYA. NGACO! #IklanAhokJahat
664,"HS	""#iklanahokjahat Terorist nyata di Indonesia... Bukan wahabi, bukan Onta Tapi Babi Babi milik Cina Penebar Teror sesungguhnya...."""
665,"HS	""RT @TerorisSocmed: Sadarlah wahai anak Bangsa, Ibu Pertiwi Sedang Diporakporandakan Oleh Manusia BIADAB @basuki_btp Sebagai Aktor Utama"""
666,"HS	""Sepertinya gerombolan @basuki_btp rindu kerusuhan, hati2 dikabul Tuhan #IklanAhokJahat"""
667,HS	Ahok and Bani serbet and wereng Coklat MEMANCING UMAT MUSLIM supaya marah? dengan #IklanAhokJahat. KALIAN ITU KUMPULAN ORANG SINTING
668,"HS	""#IklanAhokJahat baru ada direzim jokopret,setan,iblis,dajjal dibangkitkan dr kuburnya. Mereka gembira berpesta pora setelah lama dibelenggu"""
669,HS	Yang anti cina & mau ganyang cina tuh siapaaaa..??? kami cuma anti AHOK sang Penista Agama! #kampanyeAhokJahat #IklanAhokJahat #kampanyeSARA
670,HS	Udah bingung kalik mau pakai cara apa untuk kampanye. Sampai2 bikin fitnah yang kayak begituan. Depresi ya takut kalah? #IklanAhokJahat
671,HS	Tahukah Anda apa persamaan antara malin kundang dengan Ahok? mereka berdua sama-sam DURHAKA!!!!!!! #ASBAK #iklanahokjahat #kampanyeahokjahat
672,"HS	""HADUH KELAKUANMU HOK, SOK-SOKAN MENJAGA KEBERAGAMAN PADAHAL PROVOKATOR & RASIS!! #IklanAhokJahat"""
673,HS	RT @sarwandi_sr: #IklanAhokJahat bikin darah mendidih. bangsat penuh dengan propaganda. emang lo kira islam radikal ?Kalau kami mau
674,HS	Kapolda Babi! Biadap dan Bodoh! Gak punya otak kali.
675,"HS	""Jangan2 lagi deh @basuki_btp hina islam, anda itu manusia hina dibandingkan agama yang mulia, anda bukan siapa2 & bukan apa2 #IklanAhokJahat"""
676,HS	AHOK KAFIR DAN BUDAK2NYA ATAU ANJING2 NYA HANYA SEBAGAI SAMPAH AGAMA ISLAM DAN SAMPAH MASYARAKAT
677,HS	umat agama islam dijakarta sangat haram dan sangat najis sekali dengan ahok kafir kristen...
678,HS	19 april CNN kibarkan bendera kuning atas kematian ahok-djarot....
679,HS	itulah akibat ulah orang2 kafir nasrani persis seperti ahok kafir yg melarang jilbab kepada anak2 sekokah di jakarta....
680,HS	baswedan pantas jadi gubernur jakarta dan komisioner KPK..... ahok kafir pantasnya jadi germo di alexis....
681,"HS	""RT @yudijannis: #IklanAhokJahat bagaimana klo kita ganyang beneran hok?itu sih maunya elo ya hok,adu domba pribumi dengan tionghoa!!jangan"""
682,HS	masalahnya djarot tidak bisa memikirkan rakyat kecil pribumi bisanya hanya membabu kpd cina2 betul2 songong jongkok.
683,"HS	""otak wc otak babi yg menerima ahok kafir & kamu, ahok kafir bkn sekedar menghina sdh anggap islam itu sampah"""
684,"HS	""DALAM PUTARAN DUA NANTI JIKA SAMPAI AHOK KAFIR CURANG UMAT ISLAM SUDAH KOMITMEN JAKARTA AKAN DIJADIKAN LAUTAN API, SUDAH TIDAK MIKIR HUKUM"""
685,HS	#IKLANAHOKJAHAT AHOK MENCIPTAKAN BARA API ANTARA RAKYAT PRIBUMI DENGAN TIONGHOA YG DIBALUT DENGAN PHOBIA.... AHOK KAFIR RASIS...
686,HS	jangan heran pemerintahan jokowi sekarang ini budaknya kulinya cina2 ahok kafir dan 9 naga...
687,HS	Ya itu namanya cawgub goblok gak ngerti peraturan debat....kelihatan bego dan liciknya itu sandiaga uno.
688,HS	BODOH jika para pendukung ahok yg Muslim tidak tersinggung sama sekali ! Tapi bisa aja sih Qur'an d hina saja mrka diam #IklanAhokJahat
689,HS	Gubraaaaak!!!! Malu liatnya... Untung semalem debat ga kaya MATA NAJWA.. Coba kalo formatnya sama pasti Ringsek dah pasangan ASU...
690,HS	YG JELAS OTAK AHOK-DJAROT SUDAH SANGAT TUMPUL SANGAT LOYO DAN STRESS..... SUDAH JEBOL HARUS DICOPOT DAN DIGANTI.....
691,"HS	""AHOK KAFIR BUKAN HANYA MALING TAPI JUGA GARONG, LAHAN LAUT MILIK NELAYAN DIRAMPOK & DIRAMPAS UNTUK REKLAMASI YG MENGUNTUNGKAN CINA2 KAFIR.."""
692,HS	Sumpah bego bgt sih kesel gue. Kenapa ada org yg vote makhluk kayak Sandiaga Uno coba. Oh agama
693,"HS	""responden2 yangg goblok2 belum faham & juga wartawan beritasatu juga goblok, nanti klo anies-sandy sudah memimpin sangat mudah"""
694,"HS	""FPI RENOVASI MASJID ITU SANGAT TEPAT, AHOK KAFIR KRISTEN NGAPAIN NGURUSI MASJID2 APA HUBUNGANNYA....."""
695,HS	MENGAPA ahoker KRISTEN & MUNAFIK tidak berhenti mengolok2 GEREJA stiap hari? Apakah mereka memang dibriefing ahok untuk menghina si BUMI DATAR?
696,HS	uma surveynya si Botak yg menangkan Ahok. Karena apa? Karena dia Cina Kristen. Bukti kalo si Botak dukung sesama Cina Kristen
697,"HS	""AHOK PEMECAH BELAH UMMAT, AJARAN KRISTEN KONYOL, demi meraup suara muslim, JELAS AHOK INI RASIS, PKI TULEN"""
698,HS	Woy @aagym lu udah nonton yang ini? Fitnah? Pale lu peyang gym. https://t.co/U3QhuJpwg
699,"HS	""Ahok :memilih pemimpin Berdasarkan agama melanggar konstitusi. Sebaiknya BABI INI DI BUNGKUS aja, CONGORNYAPECAH BELAH UMAT BERAGAMA."""
700,"HS	""Saya pribumi, Kristen dan mendukung Ahok. Tapi saya paling anti dengan manusia2 bodoh dan goblok seperti Steven Hadisurya Sulistyo."""
701,"HS	""Maksudnya terbukti KORUPSI dan PENISTAAN agama nya ya om, Bangsat lo, TAIK LO, maaf gw pake Bahasa Babi Ahok."""
702,"HS	""Ehh TAIK, Bangsat lo, Omongan elo kayak IwAn bopeng, yg MO potong leher TNI, Bangsat lo IwAn bopeng, baek2in TNI. TAIK LO,"""
703,"HS	""Ehh anak anjing Ahok, Kelan itu blon siuman, mending emut2 bool basuki lagi aja sana, kasih tau sama Babi yg lain, bool basuki wangi gitu"""
704,HS	CWE CAKEP TP BEGO.PANTES GK LAKU.SI AHOK CINA BAU TAI.MAKAN BUBUR ENCER.AHOK FAHAM KOMUNIS.MENISTA ISLAM & KRISTEN
705,"HS	""Dan ajeng pasti paham si Babi Ahok klo bicara santun, BANGSAT, TAIK, ANJING, SETAN LO, dngn intonasi yg familiar tuntuna"""
706,"HS	""Itu dia, BUNUH AJA YG DIDEPAN MATA, DIA MAFIA KORUPTOR NYA, PENISTA AGAMA PULA, PANGGILAN POPULAR NYA BABI AHOK"""
707,HS	Gimana dgn Sumber waras.. Trans Jakarta ko jokowi diem ajah.... Harusnya si kutil babi ahok di ganyang
708,HS	Muka Si BABi Ahok Tuh Yg Mirip SERBET Lantai....@basuki_btp...
709,"HS	""Betul bang hancurkan merka bang, musnahkan china babi dibumi pertiwi indonesia, berkedok reklamasi itu ahok"""
710,"HS	""Sapa Yg bilang Ahok anti korupsi!?, klo grombolannyA NGOMONG gtu wajar, AHOK ITU MAFIA KORUPTOR SANG PENISTA AGAMA YG DILINDUNGI ISTANA PKI"""
711,"HS	""Gw juga ngimpi SENTILIN BIJI BABI AHOK, pcetar Pcetar, langsung kejang2 die, ngadu ke Jkw, Jkw: makanye sunat dulu, bru NGOMONG Almaidah."""
712,HS	Mudah2an gw ketemu sama SI BABI IWAN BOPENG DI TPS nya anjing Ahok
